date,open,close,Return,Return_sign
2022-01-01 00:00:00,46216.93,46375.42,0.0034292628264144323,1
2022-01-01 00:30:00,46375.42,46656.13,0.006052991002561252,1
2022-01-01 01:00:00,46656.14,46815.33,0.0034119839318040956,1
2022-01-01 01:30:00,46815.34,46778.14,-0.0007946113389328603,0
2022-01-01 02:00:00,46778.14,46826.01,0.0010233412444360256,1
2022-01-01 02:30:00,46826.0,46811.77,-0.0003038910007261607,0
2022-01-01 03:00:00,46811.77,46809.15,-5.596883006122912e-05,0
2022-01-01 03:30:00,46809.16,46813.2,8.630789358308495e-05,1
2022-01-01 04:00:00,46813.21,46708.14,-0.0022444519399545493,0
2022-01-01 04:30:00,46708.13,46711.05,6.251588320931559e-05,1
2022-01-01 05:00:00,46711.05,47379.13,0.014302397398474118,1
2022-01-01 05:30:00,47379.13,47192.55,-0.003938020812116949,0
2022-01-01 06:00:00,47192.56,47130.36,-0.001318004363399593,0
2022-01-01 06:30:00,47130.37,46979.62,-0.003198574507265697,0
2022-01-01 07:00:00,46979.61,46959.61,-0.00042571660343710814,0
2022-01-01 07:30:00,46959.61,47194.73,0.005006855891690809,1
2022-01-01 08:00:00,47194.73,47305.23,0.002341363114059557,1
2022-01-01 08:30:00,47305.23,47124.82,-0.0038137432161307215,0
2022-01-01 09:00:00,47124.82,47094.74,-0.0006383048253553381,0
2022-01-01 09:30:00,47094.74,47143.98,0.0010455520085683719,1
2022-01-01 10:00:00,47143.98,46874.25,-0.005721409180981393,0
2022-01-01 10:30:00,46874.26,46871.08,-6.784107098438015e-05,0
2022-01-01 11:00:00,46871.09,46956.77,0.0018279924789459834,1
2022-01-01 11:30:00,46956.78,46758.87,-0.004214726819002415,0
2022-01-01 12:00:00,46758.87,46959.51,0.004290950572586536,1
2022-01-01 12:30:00,46959.51,47074.05,0.0024391225547285497,1
2022-01-01 13:00:00,47074.05,47022.59,-0.001093171290764368,0
2022-01-01 13:30:00,47022.59,47023.24,1.3823143302005595e-05,1
2022-01-01 14:00:00,47023.24,47024.1,1.8288829098134926e-05,1
2022-01-01 14:30:00,47024.11,46926.22,-0.002081698090617758,0
2022-01-01 15:00:00,46920.01,47026.82,0.002276427477317197,1
2022-01-01 15:30:00,47026.83,47219.04,0.00408724126206251,1
2022-01-01 16:00:00,47219.04,47480.45,0.005536114245439895,1
2022-01-01 16:30:00,47480.46,47268.62,-0.0044616248452520576,0
2022-01-01 17:00:00,47268.61,47330.45,0.0013082677912465907,1
2022-01-01 17:30:00,47330.45,47754.48,0.008958926019085095,1
2022-01-01 18:00:00,47754.47,47637.43,-0.002450870044207398,0
2022-01-01 18:30:00,47637.43,47560.55,-0.0016138570027811614,0
2022-01-01 19:00:00,47560.54,47388.85,-0.0036099253709062666,0
2022-01-01 19:30:00,47388.84,47329.78,-0.0012462849903056854,0
2022-01-01 20:00:00,47329.79,47412.36,0.0017445672165458522,1
2022-01-01 20:30:00,47412.36,47391.82,-0.0004332203670098024,0
2022-01-01 21:00:00,47391.82,47366.34,-0.0005376455261689296,0
2022-01-01 21:30:00,47366.33,47319.67,-0.0009850879306039437,0
2022-01-01 22:00:00,47319.66,47388.27,0.0014499258870413123,1
2022-01-01 22:30:00,47388.26,47440.74,0.001107447287577048,1
2022-01-01 23:00:00,47440.74,47428.83,-0.00025105004685837986,0
2022-01-01 23:30:00,47428.91,47722.65,0.0061932690420251684,1
2022-01-02 00:00:00,47722.66,47544.7,-0.003729046117714444,0
2022-01-02 00:30:00,47544.7,47625.3,0.0016952467888114936,1
2022-01-02 01:00:00,47625.29,47455.23,-0.003570791904889139,0
2022-01-02 01:30:00,47455.22,47377.97,-0.0016278504240418651,0
2022-01-02 02:00:00,47377.97,47326.09,-0.0010950236998335864,0
2022-01-02 02:30:00,47326.08,47370.5,0.0009385945339229079,1
2022-01-02 03:00:00,47370.49,47382.71,0.00025796651037388816,1
2022-01-02 03:30:00,47382.71,47329.47,-0.001123616610362682,0
2022-01-02 04:00:00,47329.47,47305.86,-0.0004988435323700134,0
2022-01-02 04:30:00,47305.87,46910.3,-0.008361964382010091,0
2022-01-02 05:00:00,46910.3,46945.27,0.0007454652816117971,1
2022-01-02 05:30:00,46945.26,47081.28,0.0028974171194279634,1
2022-01-02 06:00:00,47081.28,47106.8,0.0005420413378736533,1
2022-01-02 06:30:00,47106.8,47122.61,0.0003356203350683483,1
2022-01-02 07:00:00,47122.6,47181.44,0.0012486577565754815,1
2022-01-02 07:30:00,47181.45,47173.45,-0.0001695581632188074,0
2022-01-02 08:00:00,47173.44,47161.77,-0.000247384969169209,0
2022-01-02 08:30:00,47161.76,47222.4,0.0012857874684914096,1
2022-01-02 09:00:00,47222.4,47338.85,0.002465990716270183,1
2022-01-02 09:30:00,47338.85,47273.24,-0.0013859652272921836,0
2022-01-02 10:00:00,47273.23,47272.23,-2.115362119322077e-05,0
2022-01-02 10:30:00,47272.23,47188.89,-0.00176298008365596,0
2022-01-02 11:00:00,47188.88,47310.0,0.002566706393540229,1
2022-01-02 11:30:00,47309.99,47235.5,-0.0015745088933647622,0
2022-01-02 12:00:00,47238.89,47156.25,-0.001749406050819556,0
2022-01-02 12:30:00,47156.24,47292.95,0.00289908610186052,1
2022-01-02 13:00:00,47289.67,47248.78,-0.0008646708678660566,0
2022-01-02 13:30:00,47248.78,47137.35,-0.00235836777161231,0
2022-01-02 14:00:00,47137.35,47056.24,-0.0017207161624486864,0
2022-01-02 14:30:00,47056.24,47112.55,0.0011966531962605798,1
2022-01-02 15:00:00,47112.54,47185.97,0.001558608387490895,1
2022-01-02 15:30:00,47185.97,47340.47,0.0032742783501112723,1
2022-01-02 16:00:00,47340.47,47419.57,0.0016708748349984388,1
2022-01-02 16:30:00,47420.64,47792.3,0.00783751547849214,1
2022-01-02 17:00:00,47792.29,47646.39,-0.003052793661906585,0
2022-01-02 17:30:00,47646.39,47401.14,-0.005147294474985408,0
2022-01-02 18:00:00,47401.14,46949.01,-0.009538378190904214,0
2022-01-02 18:30:00,46949.02,47058.12,0.0023237971740412435,1
2022-01-02 19:00:00,47056.43,46915.69,-0.00299087712348765,0
2022-01-02 19:30:00,46915.69,46907.68,-0.00017073179569568382,0
2022-01-02 20:00:00,46907.67,47033.17,0.0026754686387108974,1
2022-01-02 20:30:00,47033.18,47007.14,-0.0005536516986519065,0
2022-01-02 21:00:00,47007.14,47060.0,0.0011245100212435937,1
2022-01-02 21:30:00,47060.0,47018.03,-0.0008918402039949249,0
2022-01-02 22:00:00,47017.98,47156.3,0.0029418533080323678,1
2022-01-02 22:30:00,47155.98,47255.38,0.0021078980863083363,1
2022-01-02 23:00:00,47255.39,47394.62,0.002946330566735418,1
2022-01-02 23:30:00,47394.62,47286.18,-0.0022880234085641436,0
2022-01-03 00:00:00,47286.18,47174.43,-0.002363269775651152,0
2022-01-03 00:30:00,47174.44,47050.08,-0.002636173317584704,0
2022-01-03 01:00:00,47050.09,47035.77,-0.0003043564847591091,0
2022-01-03 01:30:00,47035.77,47116.71,0.0017208180072315672,1
2022-01-03 02:00:00,47116.22,46997.37,-0.002522485887025711,0
2022-01-03 02:30:00,46997.36,46999.98,5.574781221759306e-05,1
2022-01-03 03:00:00,46999.98,46958.64,-0.0008795748423723538,0
2022-01-03 03:30:00,46958.64,46793.26,-0.003521822608150436,0
2022-01-03 04:00:00,46793.27,46841.99,0.0010411753656028135,1
2022-01-03 04:30:00,46841.97,46822.26,-0.0004207764959500876,0
2022-01-03 05:00:00,46822.26,46965.38,0.003056665782471742,1
2022-01-03 05:30:00,46965.38,47078.64,0.0024115635815147676,1
2022-01-03 06:00:00,47078.64,46968.17,-0.0023464993891072717,0
2022-01-03 06:30:00,46968.16,46923.75,-0.0009455341661245297,0
2022-01-03 07:00:00,46923.75,46957.8,0.0007256453288580498,1
2022-01-03 07:30:00,46957.81,47051.37,0.001992426818882843,1
2022-01-03 08:00:00,47051.36,46994.37,-0.0012112296010146776,0
2022-01-03 08:30:00,46994.38,46978.82,-0.00033110342130266795,0
2022-01-03 09:00:00,46978.81,46820.0,-0.0033804602543146085,0
2022-01-03 09:30:00,46819.66,46984.55,0.0035218111366037133,1
2022-01-03 10:00:00,46984.56,47080.98,0.002052163519249846,1
2022-01-03 10:30:00,47080.99,47126.02,0.0009564369823149182,1
2022-01-03 11:00:00,47126.02,47336.37,0.004463563865567384,1
2022-01-03 11:30:00,47336.38,47378.0,0.0008792391813654238,1
2022-01-03 12:00:00,47378.0,47394.16,0.00034108658026939703,1
2022-01-03 12:30:00,47394.17,47194.39,-0.004215286394929985,0
2022-01-03 13:00:00,47194.39,47304.97,0.0023430750985445887,1
2022-01-03 13:30:00,47304.97,47153.5,-0.003201989135602478,0
2022-01-03 14:00:00,47153.5,47083.72,-0.0014798477313454745,0
2022-01-03 14:30:00,47083.72,46874.53,-0.0044429369641991396,0
2022-01-03 15:00:00,46874.53,46939.37,0.0013832672028925685,1
2022-01-03 15:30:00,46939.37,46693.45,-0.005239098863065387,0
2022-01-03 16:00:00,46693.44,46383.05,-0.006647400577040359,0
2022-01-03 16:30:00,46385.82,46482.34,0.002080808315989602,1
2022-01-03 17:00:00,46482.34,46696.39,0.004604974706523013,1
2022-01-03 17:30:00,46696.4,46577.15,-0.002553730051995443,0
2022-01-03 18:00:00,46577.16,46617.41,0.0008641574539967657,1
2022-01-03 18:30:00,46617.42,46472.73,-0.0031037753698080046,0
2022-01-03 19:00:00,46475.6,46612.05,0.002935949186239755,1
2022-01-03 19:30:00,46612.04,46360.01,-0.005406972104203095,0
2022-01-03 20:00:00,46360.01,45781.2,-0.012485113786645104,0
2022-01-03 20:30:00,45781.19,45922.0,0.003075717341554417,1
2022-01-03 21:00:00,45922.01,46023.51,0.0022102691062521,1
2022-01-03 21:30:00,46023.51,45979.01,-0.0009668971358334033,0
2022-01-03 22:00:00,45979.01,46266.14,0.006244806053892795,1
2022-01-03 22:30:00,46266.14,46217.9,-0.0010426631657622176,0
2022-01-03 23:00:00,46217.91,46410.0,0.004156181012944906,1
2022-01-03 23:30:00,46409.99,46446.1,0.0007780652398330744,1
2022-01-04 00:00:00,46446.1,46484.81,0.0008334391908039454,1
2022-01-04 00:30:00,46484.81,46244.37,-0.0051724423526738105,0
2022-01-04 01:00:00,46244.37,46341.56,0.0021016612400600342,1
2022-01-04 01:30:00,46341.57,46054.99,-0.006184080513456962,0
2022-01-04 02:00:00,46054.99,46129.53,0.0016184999714471955,1
2022-01-04 02:30:00,46129.54,46103.36,-0.0005675322147153493,0
2022-01-04 03:00:00,46103.36,46192.33,0.001929794270959886,1
2022-01-04 03:30:00,46192.33,46313.97,0.002633337612543022,1
2022-01-04 04:00:00,46313.96,46335.66,0.00046854123465159026,1
2022-01-04 04:30:00,46335.66,46100.14,-0.005082910225083749,0
2022-01-04 05:00:00,46100.14,46268.82,0.0036589910572939754,1
2022-01-04 05:30:00,46268.81,46151.66,-0.0025319432248202232,0
2022-01-04 06:00:00,46148.23,46276.2,0.0027730207637431353,1
2022-01-04 06:30:00,46274.0,46367.53,0.0020212214202359603,1
2022-01-04 07:00:00,46367.53,46470.38,0.0022181470524739737,1
2022-01-04 07:30:00,46470.37,46550.0,0.0017135650092735947,1
2022-01-04 08:00:00,46549.99,46530.93,-0.0004094522898930305,0
2022-01-04 08:30:00,46530.94,46489.73,-0.0008856472703968397,0
2022-01-04 09:00:00,46489.72,46464.59,-0.0005405496096772503,0
2022-01-04 09:30:00,46464.59,46356.21,-0.002332528921486177,0
2022-01-04 10:00:00,46356.21,46516.99,0.003468359471147422,1
2022-01-04 10:30:00,46517.0,46625.37,0.002329685921276149,1
2022-01-04 11:00:00,46625.37,46677.53,0.0011187042590760398,1
2022-01-04 11:30:00,46677.53,46733.77,0.0012048623823925123,1
2022-01-04 12:00:00,46733.78,46533.85,-0.0042780618216630515,0
2022-01-04 12:30:00,46533.85,46641.53,0.0023140144217596503,1
2022-01-04 13:00:00,46641.52,46880.0,0.005113040912903422,1
2022-01-04 13:30:00,46879.99,46955.22,0.001604735837187747,1
2022-01-04 14:00:00,46955.22,46905.54,-0.0010580293309242358,0
2022-01-04 14:30:00,46905.53,47333.38,0.009121525756131496,1
2022-01-04 15:00:00,47336.98,47350.58,0.0002873018092831132,1
2022-01-04 15:30:00,47350.57,46925.35,-0.008980250924117727,0
2022-01-04 16:00:00,46925.34,46698.37,-0.0048368322957275086,0
2022-01-04 16:30:00,46698.38,46767.27,0.0014752117739416104,1
2022-01-04 17:00:00,46767.28,46820.47,0.001137333622994588,1
2022-01-04 17:30:00,46820.47,46555.01,-0.005669742315700785,0
2022-01-04 18:00:00,46555.0,46470.42,-0.0018167758565138384,0
2022-01-04 18:30:00,46470.43,45750.0,-0.015502976839250256,0
2022-01-04 19:00:00,45750.01,46185.47,0.009518249285628552,1
2022-01-04 19:30:00,46185.46,46052.36,-0.002881859355736601,0
2022-01-04 20:00:00,46052.35,46403.21,0.007618720868750467,1
2022-01-04 20:30:00,46403.2,46264.92,-0.002979966898834538,0
2022-01-04 21:00:00,46264.92,46125.72,-0.0030087591203010206,0
2022-01-04 21:30:00,46125.73,46221.89,0.00208473665349028,1
2022-01-04 22:00:00,46221.89,46140.46,-0.0017617193931273752,0
2022-01-04 22:30:00,46140.45,46159.91,0.00042175574793931145,1
2022-01-04 23:00:00,46159.91,46040.0,-0.0025977087043714663,0
2022-01-04 23:30:00,46039.99,45832.01,-0.0045173771757986035,0
2022-01-05 00:00:00,45832.01,46036.18,0.004454746802507641,1
2022-01-05 00:30:00,46036.18,46271.57,0.005113152307598055,1
2022-01-05 01:00:00,46271.56,46227.81,-0.0009455051872035436,0
2022-01-05 01:30:00,46227.8,46111.5,-0.0025158021796408848,0
2022-01-05 02:00:00,46111.5,46282.41,0.003706450668488414,1
2022-01-05 02:30:00,46282.42,46296.95,0.0003139420972368955,1
2022-01-05 03:00:00,46296.96,46411.33,0.0024703565849680544,1
2022-01-05 03:30:00,46411.34,46422.55,0.00024153579707042295,1
2022-01-05 04:00:00,46422.56,46490.39,0.0014611430304576427,1
2022-01-05 04:30:00,46490.39,46414.47,-0.001633025664013536,0
2022-01-05 05:00:00,46419.0,46312.81,-0.0022876408367263905,0
2022-01-05 05:30:00,46312.81,46302.8,-0.00021613890411734381,0
2022-01-05 06:00:00,46302.79,46307.02,9.1355186156081e-05,1
2022-01-05 06:30:00,46307.03,46450.0,0.003087436184095615,1
2022-01-05 07:00:00,46450.0,46420.23,-0.0006409041980623638,0
2022-01-05 07:30:00,46420.23,46407.51,-0.0002740184613475884,0
2022-01-05 08:00:00,46407.5,46350.16,-0.0012355761460969995,0
2022-01-05 08:30:00,46350.17,46642.07,0.006297711529429158,1
2022-01-05 09:00:00,46636.78,46800.03,0.0035004560777995393,1
2022-01-05 09:30:00,46800.04,46858.94,0.0012585459328667552,1
2022-01-05 10:00:00,46858.93,46793.09,-0.001405068361569583,0
2022-01-05 10:30:00,46793.08,46818.5,0.0005432427187951349,1
2022-01-05 11:00:00,46818.5,46546.17,-0.005816717750461928,0
2022-01-05 11:30:00,46546.18,46270.99,-0.005912193009179321,0
2022-01-05 12:00:00,46271.0,46154.94,-0.0025082665168247426,0
2022-01-05 12:30:00,46154.93,46229.99,0.0016262618099517792,1
2022-01-05 13:00:00,46229.99,46364.23,0.0029037427868793663,1
2022-01-05 13:30:00,46364.24,46440.01,0.0016342336248799522,1
2022-01-05 14:00:00,46440.0,46402.91,-0.000798664944013706,0
2022-01-05 14:30:00,46402.91,46689.52,0.006176552289500665,1
2022-01-05 15:00:00,46689.52,46752.46,0.0013480541243517247,1
2022-01-05 15:30:00,46752.46,46622.53,-0.002779105099496375,0
2022-01-05 16:00:00,46622.53,46673.19,0.0010865991184949315,1
2022-01-05 16:30:00,46673.18,46301.62,-0.007960888887365241,0
2022-01-05 17:00:00,46301.62,46370.42,0.0014859091323369599,1
2022-01-05 17:30:00,46370.41,46010.72,-0.007756886341958208,0
2022-01-05 18:00:00,46010.72,45859.6,-0.0032844519711928573,0
2022-01-05 18:30:00,45859.6,45919.92,0.0013153189299514106,1
2022-01-05 19:00:00,45919.93,45903.12,-0.0003660719866079428,0
2022-01-05 19:30:00,45903.12,44685.93,-0.026516498224957306,0
2022-01-05 20:00:00,44685.93,44134.68,-0.012336097738147108,0
2022-01-05 20:30:00,44134.68,43967.01,-0.003799053261516754,0
2022-01-05 21:00:00,43967.01,43968.13,2.5473644898648858e-05,1
2022-01-05 21:30:00,43968.13,43606.37,-0.008227777710809962,0
2022-01-05 22:00:00,43602.49,43000.01,-0.013817559501762307,0
2022-01-05 22:30:00,43000.0,43437.05,0.01016395348837216,1
2022-01-05 23:00:00,43437.04,43636.28,0.004586868718494583,1
2022-01-05 23:30:00,43636.28,43451.13,-0.004243028965805551,0
2022-01-06 00:00:00,43451.14,43526.13,0.0017258465485600139,1
2022-01-06 00:30:00,43526.13,43680.94,0.003556714093350476,1
2022-01-06 01:00:00,43680.94,43601.29,-0.00182344977008282,0
2022-01-06 01:30:00,43601.29,43542.69,-0.0013439969322008257,0
2022-01-06 02:00:00,43542.69,43237.75,-0.007003242105620997,0
2022-01-06 02:30:00,43237.75,43259.54,0.0005039577683852854,1
2022-01-06 03:00:00,43259.55,43092.15,-0.0038696657732223624,0
2022-01-06 03:30:00,43092.16,42835.0,-0.005967674862434454,0
2022-01-06 04:00:00,42835.0,42821.23,-0.00032146609081351227,0
2022-01-06 04:30:00,42821.22,43029.73,0.004869314792992867,1
2022-01-06 05:00:00,43029.73,43159.55,0.0030169838388481567,1
2022-01-06 05:30:00,43159.56,43050.01,-0.002538255719010936,0
2022-01-06 06:00:00,43050.0,43110.39,0.0014027874564459795,1
2022-01-06 06:30:00,43110.39,43102.28,-0.00018812170337592822,0
2022-01-06 07:00:00,43102.28,43197.69,0.0022135719966554783,1
2022-01-06 07:30:00,43197.68,43245.25,0.0011012165468145445,1
2022-01-06 08:00:00,43245.26,43090.0,-0.003590220061111947,0
2022-01-06 08:30:00,43090.0,43055.41,-0.000802738454397691,0
2022-01-06 09:00:00,43055.42,42749.42,-0.007107119150155776,0
2022-01-06 09:30:00,42753.61,42597.87,-0.0036427333270804023,0
2022-01-06 10:00:00,42597.87,42822.0,0.0052615306821678495,1
2022-01-06 10:30:00,42822.0,42878.88,0.001328289197141595,1
2022-01-06 11:00:00,42878.87,42796.6,-0.0019186606363461554,0
2022-01-06 11:30:00,42796.6,42878.34,0.0019099648102886202,1
2022-01-06 12:00:00,42878.33,42664.89,-0.00497780580540339,0
2022-01-06 12:30:00,42664.89,43062.76,0.009325466443251175,1
2022-01-06 13:00:00,43062.77,43009.45,-0.0012381925268625245,0
2022-01-06 13:30:00,43009.45,43150.01,0.0032681189831538175,1
2022-01-06 14:00:00,43150.0,42882.96,-0.00618864426419469,0
2022-01-06 14:30:00,42882.96,42805.5,-0.0018063118777248382,0
2022-01-06 15:00:00,42805.5,42866.47,0.0014243496746913636,1
2022-01-06 15:30:00,42866.47,42950.01,0.0019488425335699644,1
2022-01-06 16:00:00,42950.02,42863.02,-0.0020256102325447115,0
2022-01-06 16:30:00,42863.01,42882.22,0.00044817197858944405,1
2022-01-06 17:00:00,42882.23,43045.51,0.0038076378024183635,1
2022-01-06 17:30:00,43045.51,43005.29,-0.000934359936727458,0
2022-01-06 18:00:00,43005.3,43059.03,0.0012493808902622682,1
2022-01-06 18:30:00,43058.34,43369.04,0.007215791412302573,1
2022-01-06 19:00:00,43369.04,43379.45,0.00024003298205346984,1
2022-01-06 19:30:00,43379.44,43438.1,0.0013522535099576255,1
2022-01-06 20:00:00,43438.11,43318.3,-0.0027581770938007585,0
2022-01-06 20:30:00,43318.3,43221.5,-0.0022346213955765325,0
2022-01-06 21:00:00,43221.5,43189.59,-0.0007382899714263386,0
2022-01-06 21:30:00,43189.59,43120.64,-0.001596449514801995,0
2022-01-06 22:00:00,43120.63,43141.99,0.0004953545437532008,1
2022-01-06 22:30:00,43142.0,43180.97,0.0009032960919753642,1
2022-01-06 23:00:00,43180.96,43155.0,-0.0006011908952464032,0
2022-01-06 23:30:00,43155.0,43082.31,-0.001684393465415417,0
2022-01-07 00:00:00,43082.3,42905.12,-0.004112593803023522,0
2022-01-07 00:30:00,42905.12,42788.15,-0.002726248056176073,0
2022-01-07 01:00:00,42788.15,42970.77,0.004268004108614075,1
2022-01-07 01:30:00,42970.77,43008.9,0.0008873473759023787,1
2022-01-07 02:00:00,43008.9,42935.4,-0.0017089486129615032,0
2022-01-07 02:30:00,42935.39,42799.13,-0.0031736057364333257,0
2022-01-07 03:00:00,42799.12,42290.99,-0.011872440367932906,0
2022-01-07 03:30:00,42290.99,41803.11,-0.011536263397948296,0
2022-01-07 04:00:00,41803.11,41452.24,-0.008393394654129863,0
2022-01-07 04:30:00,41452.24,41700.33,0.005984960040760253,1
2022-01-07 05:00:00,41700.33,41802.51,0.002450340321047826,1
2022-01-07 05:30:00,41802.52,41851.33,0.0011676329560994158,1
2022-01-07 06:00:00,41851.33,41646.5,-0.004894229167866391,0
2022-01-07 06:30:00,41646.5,41529.14,-0.002818003913894339,0
2022-01-07 07:00:00,41529.15,41615.0,0.0020672226616725493,1
2022-01-07 07:30:00,41615.0,41706.71,0.002203772678120849,1
2022-01-07 08:00:00,41706.71,42278.03,0.013698515178972394,1
2022-01-07 08:30:00,42278.02,42088.61,-0.004480105738158888,0
2022-01-07 09:00:00,42088.61,42413.12,0.007710161965434402,1
2022-01-07 09:30:00,42413.12,42422.56,0.0002225726379006084,1
2022-01-07 10:00:00,42422.57,42329.8,-0.0021868076356523613,0
2022-01-07 10:30:00,42329.8,42172.83,-0.0037082622644094977,0
2022-01-07 11:00:00,42172.84,42254.0,0.0019244613357792242,1
2022-01-07 11:30:00,42254.0,42258.62,0.00010933876082743927,1
2022-01-07 12:00:00,42258.62,42440.0,0.004292142052911273,1
2022-01-07 12:30:00,42439.99,42400.0,-0.0009422716640601933,0
2022-01-07 13:00:00,42400.0,42291.0,-0.002570754716981132,0
2022-01-07 13:30:00,42292.01,41489.22,-0.018982072500219327,0
2022-01-07 14:00:00,41489.19,41857.99,0.008889062428068507,1
2022-01-07 14:30:00,41857.99,41894.4,0.0008698458764982145,1
2022-01-07 15:00:00,41894.4,41580.95,-0.0074819068897037395,0
2022-01-07 15:30:00,41580.95,41319.11,-0.006297114423792542,0
2022-01-07 16:00:00,41310.85,41696.34,0.009331446823292138,1
2022-01-07 16:30:00,41696.34,42135.26,0.01052658338837427,1
2022-01-07 17:00:00,42137.38,41913.25,-0.0053190302766806434,0
2022-01-07 17:30:00,41913.25,41993.48,0.0019141918128516208,1
2022-01-07 18:00:00,41993.68,41670.96,-0.007684965928206367,0
2022-01-07 18:30:00,41670.96,41707.64,0.0008802293011728142,1
2022-01-07 19:00:00,41707.04,41727.28,0.00048528977362090336,1
2022-01-07 19:30:00,41727.28,41775.38,0.00115272311063646,1
2022-01-07 20:00:00,41775.38,41679.57,-0.0022934560978259844,0
2022-01-07 20:30:00,41679.58,41922.2,0.005821075932146997,1
2022-01-07 21:00:00,41922.19,41860.79,-0.0014646181413709887,0
2022-01-07 21:30:00,41860.79,41875.01,0.000339697363571045,1
2022-01-07 22:00:00,41875.0,41761.98,-0.0026989850746267892,0
2022-01-07 22:30:00,41761.98,41541.82,-0.005271780696221862,0
2022-01-07 23:00:00,41541.83,41502.84,-0.0009385720369084664,0
2022-01-07 23:30:00,41502.85,41566.48,0.001533147723590179,1
2022-01-08 00:00:00,41566.48,41791.65,0.0054171053214031656,1
2022-01-08 00:30:00,41791.65,41991.89,0.004791387753295167,1
2022-01-08 01:00:00,41991.89,42005.04,0.0003131557069710712,1
2022-01-08 01:30:00,42005.03,41883.41,-0.0028953675309836787,0
2022-01-08 02:00:00,41883.42,41826.02,-0.0013704707017717622,0
2022-01-08 02:30:00,41826.02,41882.85,0.0013587235888091133,1
2022-01-08 03:00:00,41882.86,41760.59,-0.0029193326339224225,0
2022-01-08 03:30:00,41760.6,41810.91,0.0012047240700565833,1
2022-01-08 04:00:00,41810.92,41831.66,0.0004960426606256269,1
2022-01-08 04:30:00,41831.67,41900.92,0.0016554443081043622,1
2022-01-08 05:00:00,41900.92,41959.73,0.0014035491344821295,1
2022-01-08 05:30:00,41959.73,41971.7,0.00028527352297056936,1
2022-01-08 06:00:00,41971.7,41870.34,-0.002414960556756114,0
2022-01-08 06:30:00,41870.35,41922.23,0.0012390629646039418,1
2022-01-08 07:00:00,41922.22,41910.37,-0.0002826663282621613,0
2022-01-08 07:30:00,41910.37,41913.58,7.659202245170173e-05,1
2022-01-08 08:00:00,41913.59,41994.09,0.0019206181097825314,1
2022-01-08 08:30:00,41994.08,41964.88,-0.0006953361045176931,0
2022-01-08 09:00:00,41964.87,42003.97,0.0009317317079738014,1
2022-01-08 09:30:00,42003.98,42163.71,0.0038027348836942574,1
2022-01-08 10:00:00,42163.71,42094.49,-0.001641696141065413,0
2022-01-08 10:30:00,42094.49,41918.66,-0.00417703124565696,0
2022-01-08 11:00:00,41918.66,41837.69,-0.0019315980043255476,0
2022-01-08 11:30:00,41837.78,41940.22,0.0024485046768734464,1
2022-01-08 12:00:00,41940.22,41912.85,-0.0006525955276343953,0
2022-01-08 12:30:00,41912.85,41876.31,-0.0008718090036826623,0
2022-01-08 13:00:00,41876.32,41896.88,0.0004909695980926135,1
2022-01-08 13:30:00,41896.89,41905.0,0.00019357045355873867,1
2022-01-08 14:00:00,41904.99,41886.75,-0.0004352703580169799,0
2022-01-08 14:30:00,41886.76,41741.27,-0.0034734126010225004,0
2022-01-08 15:00:00,41746.29,41635.29,-0.002658918912315322,0
2022-01-08 15:30:00,41637.79,41613.33,-0.000587447124355042,0
2022-01-08 16:00:00,41609.6,41532.41,-0.0018551007459815777,0
2022-01-08 16:30:00,41528.71,41346.01,-0.0043993661252660415,0
2022-01-08 17:00:00,41346.02,41266.77,-0.0019167503909687078,0
2022-01-08 17:30:00,41266.77,40842.12,-0.010290361954667017,0
2022-01-08 18:00:00,40842.11,41110.87,0.006580463154327777,1
2022-01-08 18:30:00,41110.87,40679.82,-0.010485061493468829,0
2022-01-08 19:00:00,40679.82,40800.65,0.0029702687966663014,1
2022-01-08 19:30:00,40800.66,40831.07,0.0007453310804285082,1
2022-01-08 20:00:00,40831.06,41003.63,0.004226439382176209,1
2022-01-08 20:30:00,41003.64,40975.37,-0.0006894509853270783,0
2022-01-08 21:00:00,40975.36,41419.21,0.010832119595776547,1
2022-01-08 21:30:00,41419.2,41769.03,0.008446082976011168,1
2022-01-08 22:00:00,41769.03,42290.08,0.012474553514888973,1
2022-01-08 22:30:00,42286.69,41911.11,-0.00888175451897516,0
2022-01-08 23:00:00,41911.1,41781.25,-0.0030982245753511254,0
2022-01-08 23:30:00,41781.25,41679.74,-0.00242955871353782,0
2022-01-09 00:00:00,41679.74,41474.37,-0.004927333999684148,0
2022-01-09 00:30:00,41474.37,41773.24,0.007206137187858316,1
2022-01-09 01:00:00,41773.24,41624.73,-0.0035551467877520337,0
2022-01-09 01:30:00,41624.73,41809.67,0.0044430318226687604,1
2022-01-09 02:00:00,41809.66,42008.42,0.004753925289035949,1
2022-01-09 02:30:00,42008.43,42098.99,0.00215575778480647,1
2022-01-09 03:00:00,42098.99,41995.33,-0.0024622918507070175,0
2022-01-09 03:30:00,41995.33,41833.89,-0.0038442369663484566,0
2022-01-09 04:00:00,41833.9,41968.42,0.003215573972304681,1
2022-01-09 04:30:00,41968.43,42079.41,0.002644368636139193,1
2022-01-09 05:00:00,42079.4,41855.27,-0.0053263592161486295,0
2022-01-09 05:30:00,41855.26,41765.9,-0.002134976583588313,0
2022-01-09 06:00:00,41765.89,41791.3,0.0006083912015284121,1
2022-01-09 06:30:00,41791.31,41873.62,0.0019695482146887705,1
2022-01-09 07:00:00,41873.62,41870.14,-8.310721642894026e-05,0
2022-01-09 07:30:00,41870.14,41791.51,-0.0018779492975184078,0
2022-01-09 08:00:00,41791.5,41641.23,-0.00359570726104583,0
2022-01-09 08:30:00,41641.23,41666.67,0.0006109329623547395,1
2022-01-09 09:00:00,41666.66,41556.14,-0.0026524804243969655,0
2022-01-09 09:30:00,41556.14,41510.01,-0.0011100646017651635,0
2022-01-09 10:00:00,41510.0,41542.75,0.0007889665140929896,1
2022-01-09 10:30:00,41542.75,41644.7,0.0024540984889059366,1
2022-01-09 11:00:00,41644.7,41812.08,0.0040192389427707404,1
2022-01-09 11:30:00,41812.08,41857.62,0.0010891589224932333,1
2022-01-09 12:00:00,41857.62,41753.28,-0.002492736089629649,0
2022-01-09 12:30:00,41753.28,41746.98,-0.0001508863495274056,0
2022-01-09 13:00:00,41746.98,41578.03,-0.004046999327855676,0
2022-01-09 13:30:00,41573.87,41470.0,-0.0024984443353482035,0
2022-01-09 14:00:00,41470.0,41595.22,0.003019532191946013,1
2022-01-09 14:30:00,41595.22,41535.93,-0.0014254041690367515,0
2022-01-09 15:00:00,41535.93,41493.35,-0.001025136550451663,0
2022-01-09 15:30:00,41493.36,41621.11,0.00307880586194996,1
2022-01-09 16:00:00,41621.11,41736.01,0.0027606183496788395,1
2022-01-09 16:30:00,41736.0,42143.04,0.009752731454859135,1
2022-01-09 17:00:00,42143.05,42038.11,-0.0024900902995868197,0
2022-01-09 17:30:00,42038.45,42094.59,0.0013354440993899495,1
2022-01-09 18:00:00,42094.48,42234.81,0.003333691258331127,1
2022-01-09 18:30:00,42234.81,41966.99,-0.006341214746792983,0
2022-01-09 19:00:00,41966.99,42602.7,0.015147857875916266,1
2022-01-09 19:30:00,42602.69,42695.26,0.002172867487945003,1
2022-01-09 20:00:00,42695.27,42490.03,-0.00480708987201622,0
2022-01-09 20:30:00,42490.03,42439.38,-0.0011920443454617813,0
2022-01-09 21:00:00,42439.38,42409.0,-0.0007158445764287175,0
2022-01-09 21:30:00,42409.0,42300.0,-0.0025702091537173712,0
2022-01-09 22:00:00,42300.01,42437.36,0.0032470441496349183,1
2022-01-09 22:30:00,42434.73,42205.37,-0.005405006700879222,0
2022-01-09 23:00:00,42205.36,41818.66,-0.009162343361127522,0
2022-01-09 23:30:00,41818.65,41864.62,0.0010992703016477377,1
2022-01-10 00:00:00,41864.62,41950.05,0.002040625234386465,1
2022-01-10 00:30:00,41950.04,41655.18,-0.007028837159630851,0
2022-01-10 01:00:00,41655.18,41737.54,0.001977185070380216,1
2022-01-10 01:30:00,41737.53,41815.32,0.001863790214706066,1
2022-01-10 02:00:00,41815.32,41900.21,0.0020301171914982215,1
2022-01-10 02:30:00,41900.23,41927.71,0.0006558436552733941,1
2022-01-10 03:00:00,41927.7,41946.34,0.00044457482761991286,1
2022-01-10 03:30:00,41946.34,41967.59,0.0005065996222793217,1
2022-01-10 04:00:00,41967.59,42124.79,0.0037457476114307344,1
2022-01-10 04:30:00,42124.79,42187.22,0.0014820251922917666,1
2022-01-10 05:00:00,42187.22,42110.01,-0.0018301751099029308,0
2022-01-10 05:30:00,42110.01,42031.29,-0.0018693892497294862,0
2022-01-10 06:00:00,42031.3,41957.52,-0.001755358506636866,0
2022-01-10 06:30:00,41957.56,41925.01,-0.0007757839111710889,0
2022-01-10 07:00:00,41925.01,42015.05,0.002147644091199999,1
2022-01-10 07:30:00,42010.4,42042.38,0.0007612400738863692,1
2022-01-10 08:00:00,42042.38,41906.66,-0.0032281711929722794,0
2022-01-10 08:30:00,41906.67,41816.84,-0.002143572848904524,0
2022-01-10 09:00:00,41808.96,41885.92,0.001840753752305705,1
2022-01-10 09:30:00,41885.92,41796.01,-0.002146544710012248,0
2022-01-10 10:00:00,41796.01,41878.63,0.0019767437130959473,1
2022-01-10 10:30:00,41878.63,41778.88,-0.0023818830749716504,0
2022-01-10 11:00:00,41778.88,41633.13,-0.0034886047687252507,0
2022-01-10 11:30:00,41633.14,41565.34,-0.0016285103645798254,0
2022-01-10 12:00:00,41565.33,41445.56,-0.002881488009357897,0
2022-01-10 12:30:00,41445.57,40930.0,-0.012439688970377286,0
2022-01-10 13:00:00,40930.01,40854.46,-0.0018458339003582678,0
2022-01-10 13:30:00,40854.45,40774.0,-0.001969185731297254,0
2022-01-10 14:00:00,40774.01,39903.03,-0.02136115628558494,0
2022-01-10 14:30:00,39900.28,40786.57,0.02221262607680951,1
2022-01-10 15:00:00,40786.57,40832.17,0.001118015072118066,1
2022-01-10 15:30:00,40832.17,40984.33,0.0037264735134087536,1
2022-01-10 16:00:00,40984.34,41725.56,0.01808544434288807,1
2022-01-10 16:30:00,41725.56,41904.4,0.00428610185219812,1
2022-01-10 17:00:00,41904.4,41136.01,-0.01833673790819101,0
2022-01-10 17:30:00,41133.71,41184.45,0.0012335381369683884,1
2022-01-10 18:00:00,41184.44,41301.89,0.0028518051963313594,1
2022-01-10 18:30:00,41301.89,41604.58,0.007328720307956908,1
2022-01-10 19:00:00,41604.58,41530.2,-0.0017877839410950587,0
2022-01-10 19:30:00,41530.19,41297.15,-0.005611339606199752,0
2022-01-10 20:00:00,41297.15,41346.4,0.001192576243154794,1
2022-01-10 20:30:00,41346.4,41714.72,0.008908151616585718,1
2022-01-10 21:00:00,41716.81,41755.85,0.0009358337801955825,1
2022-01-10 21:30:00,41755.85,41714.13,-0.000999141437666846,0
2022-01-10 22:00:00,41714.14,41714.18,9.5890745921822e-07,1
2022-01-10 22:30:00,41714.19,41604.98,-0.002618053952384048,0
2022-01-10 23:00:00,41604.98,41795.71,0.004584306974789939,1
2022-01-10 23:30:00,41795.71,41822.49,0.0006407356161672774,1
2022-01-11 00:00:00,41822.49,41684.07,-0.0033097025069525575,0
2022-01-11 00:30:00,41684.06,41593.7,-0.002167735100659595,0
2022-01-11 01:00:00,41593.69,41805.99,0.00510413959425085,1
2022-01-11 01:30:00,41805.93,41928.82,0.0029395351329344764,1
2022-01-11 02:00:00,41928.82,42153.65,0.005362182861335037,1
2022-01-11 02:30:00,42155.67,42173.77,0.0004293609851296052,1
2022-01-11 03:00:00,42173.77,42136.12,-0.0008927349866989406,0
2022-01-11 03:30:00,42136.12,42277.98,0.003366707708256018,1
2022-01-11 04:00:00,42277.99,42255.41,-0.0005340840470418407,0
2022-01-11 04:30:00,42255.41,42304.65,0.0011652945741148402,1
2022-01-11 05:00:00,42304.65,42022.52,-0.00666900683494615,0
2022-01-11 05:30:00,42022.52,42110.0,0.0020817409331949444,1
2022-01-11 06:00:00,42110.0,42098.52,-0.0002726193303254144,0
2022-01-11 06:30:00,42098.51,42105.0,0.0001541622256939251,1
2022-01-11 07:00:00,42104.99,42184.89,0.0018976373109220893,1
2022-01-11 07:30:00,42184.89,42211.05,0.0006201272540950917,1
2022-01-11 08:00:00,42212.21,42223.64,0.0002707747355563779,1
2022-01-11 08:30:00,42223.64,41991.78,-0.005491236662684709,0
2022-01-11 09:00:00,41991.78,42018.62,0.0006391727142789324,1
2022-01-11 09:30:00,42018.61,41984.8,-0.0008046434663116574,0
2022-01-11 10:00:00,41984.79,41795.85,-0.004500201144271588,0
2022-01-11 10:30:00,41795.84,41631.02,-0.00394345465960248,0
2022-01-11 11:00:00,41631.02,41804.3,0.004162280914568178,1
2022-01-11 11:30:00,41804.3,41809.99,0.00013611040012618443,1
2022-01-11 12:00:00,41809.99,41882.24,0.0017280559024290608,1
2022-01-11 12:30:00,41882.24,41812.69,-0.0016606084106293177,0
2022-01-11 13:00:00,41812.7,41728.99,-0.0020020233087076206,0
2022-01-11 13:30:00,41728.99,41701.52,-0.000658295348150079,0
2022-01-11 14:00:00,41700.74,41369.61,-0.007940626473295135,0
2022-01-11 14:30:00,41369.62,41642.0,0.006584058543443168,1
2022-01-11 15:00:00,41639.51,41802.05,0.0039035041478634324,1
2022-01-11 15:30:00,41802.04,41733.93,-0.0016293463189834894,0
2022-01-11 16:00:00,41733.92,42463.52,0.017482182359097792,1
2022-01-11 16:30:00,42463.52,42705.24,0.005692415513363028,1
2022-01-11 17:00:00,42705.24,42381.77,-0.007574480321384476,0
2022-01-11 17:30:00,42381.77,42549.01,0.003946036232087647,1
2022-01-11 18:00:00,42549.01,42667.95,0.0027953646865108038,1
2022-01-11 18:30:00,42667.94,42755.0,0.0020404078565779754,1
2022-01-11 19:00:00,42754.99,42741.44,-0.0003169220715522477,0
2022-01-11 19:30:00,42741.44,42972.05,0.0053954663202737336,1
2022-01-11 20:00:00,42972.04,42803.81,-0.003914871158083331,0
2022-01-11 20:30:00,42802.81,42800.38,-5.6771973615757734e-05,0
2022-01-11 21:00:00,42797.62,42706.56,-0.0021276884088415418,0
2022-01-11 21:30:00,42706.57,42659.2,-0.001109197015822217,0
2022-01-11 22:00:00,42664.71,42650.75,-0.00032720250530237114,0
2022-01-11 22:30:00,42647.14,42713.13,0.001547348778839518,1
2022-01-11 23:00:00,42713.12,42790.01,0.0018001494622729365,1
2022-01-11 23:30:00,42790.0,42729.29,-0.001418789436784275,0
2022-01-12 00:00:00,42729.29,42843.05,0.002662342388558341,1
2022-01-12 00:30:00,42843.05,42675.0,-0.00392245650111285,0
2022-01-12 01:00:00,42675.03,42659.62,-0.0003611010935433722,0
2022-01-12 01:30:00,42659.63,42626.05,-0.000787161070079475,0
2022-01-12 02:00:00,42626.04,42625.81,-5.3957627779451575e-06,0
2022-01-12 02:30:00,42625.81,42559.33,-0.0015596184565172116,0
2022-01-12 03:00:00,42559.34,42590.06,0.0007218157048488338,1
2022-01-12 03:30:00,42590.07,42605.02,0.00035102078958773933,1
2022-01-12 04:00:00,42605.01,42590.69,-0.0003361107062291432,0
2022-01-12 04:30:00,42590.68,42629.9,0.0009208587418656186,1
2022-01-12 05:00:00,42629.91,42677.53,0.00111705607635567,1
2022-01-12 05:30:00,42677.53,42705.51,0.0006556143244466866,1
2022-01-12 06:00:00,42705.51,42701.57,-9.225975758168742e-05,0
2022-01-12 06:30:00,42701.58,42675.55,-0.0006095793176739324,0
2022-01-12 07:00:00,42675.54,42526.0,-0.003504115003582869,0
2022-01-12 07:30:00,42525.99,42561.67,0.0008390163286028213,1
2022-01-12 08:00:00,42561.66,42600.01,0.0009010456828986121,1
2022-01-12 08:30:00,42600.0,42603.51,8.239436619723092e-05,1
2022-01-12 09:00:00,42603.51,42879.6,0.006480451962760732,1
2022-01-12 09:30:00,42879.6,42796.83,-0.0019302885288108285,0
2022-01-12 10:00:00,42796.84,42880.53,0.001955518211157701,1
2022-01-12 10:30:00,42880.53,42765.18,-0.002690032049510548,0
2022-01-12 11:00:00,42765.18,42770.1,0.0001150468675683875,1
2022-01-12 11:30:00,42770.11,42935.92,0.0038767728210191105,1
2022-01-12 12:00:00,42935.92,43146.01,0.004893105819090491,1
2022-01-12 12:30:00,43146.0,43285.51,0.0032334399480832996,1
2022-01-12 13:00:00,43285.52,43383.13,0.0022550266232218208,1
2022-01-12 13:30:00,43383.14,43920.97,0.012397212373286068,1
2022-01-12 14:00:00,43920.96,43798.34,-0.0027918333296904855,0
2022-01-12 14:30:00,43799.46,43849.54,0.0011433930920609922,1
2022-01-12 15:00:00,43849.55,43791.41,-0.0013258973011125409,0
2022-01-12 15:30:00,43791.41,43560.29,-0.005277747393838257,0
2022-01-12 16:00:00,43560.29,43516.52,-0.001004814247104509,0
2022-01-12 16:30:00,43516.52,43611.02,0.0021715890884657137,1
2022-01-12 17:00:00,43611.03,43695.22,0.001930474928017117,1
2022-01-12 17:30:00,43695.22,43841.57,0.003349336609359068,1
2022-01-12 18:00:00,43841.56,43799.49,-0.0009595917663513733,0
2022-01-12 18:30:00,43797.33,43589.98,-0.004734306862998236,0
2022-01-12 19:00:00,43589.97,43678.85,0.0020390011738938424,1
2022-01-12 19:30:00,43678.86,43743.11,0.001470963298950568,1
2022-01-12 20:00:00,43743.1,43697.5,-0.0010424501235623115,0
2022-01-12 20:30:00,43697.51,43819.17,0.0027841403320234084,1
2022-01-12 21:00:00,43819.16,44095.95,0.006316643221823366,1
2022-01-12 21:30:00,44095.95,43773.09,-0.0073217608419821004,0
2022-01-12 22:00:00,43776.6,43873.46,0.002212597597803406,1
2022-01-12 22:30:00,43873.45,43842.95,-0.0006951812542665325,0
2022-01-12 23:00:00,43842.94,43888.39,0.0010366549323562034,1
2022-01-12 23:30:00,43888.39,43902.66,0.00032514293643499053,1
2022-01-13 00:00:00,43902.65,43872.14,-0.0006949466603952617,0
2022-01-13 00:30:00,43872.15,43720.0,-0.003468031541650032,0
2022-01-13 01:00:00,43720.0,43605.36,-0.0026221408966148082,0
2022-01-13 01:30:00,43605.36,43548.57,-0.001302362828789875,0
2022-01-13 02:00:00,43548.58,43631.15,0.0018960434530815862,1
2022-01-13 02:30:00,43631.14,43587.63,-0.000997223542634963,0
2022-01-13 03:00:00,43587.62,43433.24,-0.0035418313732203006,0
2022-01-13 03:30:00,43432.94,43509.93,0.0017726177412811096,1
2022-01-13 04:00:00,43505.99,43661.49,0.0035742204694112238,1
2022-01-13 04:30:00,43661.49,43623.02,-0.0008810968201039673,0
2022-01-13 05:00:00,43623.01,43709.85,0.00199069252671919,1
2022-01-13 05:30:00,43709.86,43662.68,-0.001079390325203519,0
2022-01-13 06:00:00,43662.68,43740.12,0.001773597039851936,1
2022-01-13 06:30:00,43740.13,43708.42,-0.000724963551777261,0
2022-01-13 07:00:00,43708.42,43703.85,-0.00010455651336744062,0
2022-01-13 07:30:00,43703.85,43699.99,-8.832173824504208e-05,0
2022-01-13 08:00:00,43699.99,43812.04,0.002564073813289269,1
2022-01-13 08:30:00,43812.05,43896.44,0.001926182408720875,1
2022-01-13 09:00:00,43896.43,43887.08,-0.00021300137619388511,0
2022-01-13 09:30:00,43887.08,43883.0,-9.296585692194027e-05,0
2022-01-13 10:00:00,43883.0,43879.44,-8.112480915155463e-05,0
2022-01-13 10:30:00,43879.44,43780.25,-0.0022605119846561927,0
2022-01-13 11:00:00,43780.25,43631.7,-0.0033930824972448286,0
2022-01-13 11:30:00,43631.7,43602.31,-0.0006735928235663387,0
2022-01-13 12:00:00,43603.58,43779.99,0.004045768718990418,1
2022-01-13 12:30:00,43780.0,43803.16,0.0005290086797625284,1
2022-01-13 13:00:00,43803.16,43692.79,-0.0025196812284776398,0
2022-01-13 13:30:00,43692.79,43924.62,0.005305909739341474,1
2022-01-13 14:00:00,43924.61,44189.52,0.006031015414820899,1
2022-01-13 14:30:00,44189.53,44154.52,-0.0007922691189519789,0
2022-01-13 15:00:00,44154.52,43298.17,-0.019394390427072892,0
2022-01-13 15:30:00,43298.17,43200.0,-0.0022673013663163655,0
2022-01-13 16:00:00,43200.01,43327.05,0.002940740060013895,1
2022-01-13 16:30:00,43327.04,43250.89,-0.001757562944526131,0
2022-01-13 17:00:00,43250.92,42833.43,-0.009652742646861568,0
2022-01-13 17:30:00,42835.17,42822.12,-0.0003046561972322191,0
2022-01-13 18:00:00,42822.12,42903.55,0.001901587310483467,1
2022-01-13 18:30:00,42903.55,42709.29,-0.004527830447597041,0
2022-01-13 19:00:00,42709.29,42708.15,-2.6692085024111098e-05,0
2022-01-13 19:30:00,42708.15,42700.67,-0.00017514221524470624,0
2022-01-13 20:00:00,42700.67,42594.59,-0.0024842701531381534,0
2022-01-13 20:30:00,42599.63,42796.18,0.004613889838949374,1
2022-01-13 21:00:00,42796.18,42718.85,-0.0018069369742813902,0
2022-01-13 21:30:00,42718.84,42810.99,0.002157127862086177,1
2022-01-13 22:00:00,42810.99,42804.83,-0.00014388828662911595,0
2022-01-13 22:30:00,42804.83,42594.37,-0.004916734863799228,0
2022-01-13 23:00:00,42597.02,42639.27,0.0009918534207322485,1
2022-01-13 23:30:00,42638.63,42560.11,-0.001841522581752669,0
2022-01-14 00:00:00,42558.35,42510.29,-0.0011292731038679289,0
2022-01-14 00:30:00,42510.29,42750.66,0.005654395676905582,1
2022-01-14 01:00:00,42750.66,42617.57,-0.0031131683113197264,0
2022-01-14 01:30:00,42617.57,42581.12,-0.0008552810495764326,0
2022-01-14 02:00:00,42581.12,42622.38,0.0009689740429560039,1
2022-01-14 02:30:00,42622.38,42713.89,0.00214699413782154,1
2022-01-14 03:00:00,42713.89,42646.2,-0.001584730400345235,0
2022-01-14 03:30:00,42646.21,42623.87,-0.0005238449090785912,0
2022-01-14 04:00:00,42623.87,42756.28,0.0031064753153572447,1
2022-01-14 04:30:00,42756.28,42680.28,-0.0017775166595410078,0
2022-01-14 05:00:00,42679.0,42785.01,0.0024838913751494187,1
2022-01-14 05:30:00,42785.0,42894.92,0.002569124693233569,1
2022-01-14 06:00:00,42895.0,42893.56,-3.357034619424941e-05,0
2022-01-14 06:30:00,42893.56,42810.22,-0.001942949011459914,0
2022-01-14 07:00:00,42810.22,42860.19,0.001167244643919166,1
2022-01-14 07:30:00,42860.18,42660.01,-0.00467030236457239,0
2022-01-14 08:00:00,42660.0,42477.83,-0.004270276605719603,0
2022-01-14 08:30:00,42477.83,42519.99,0.000992517743961879,1
2022-01-14 09:00:00,42519.99,42518.49,-3.527752475953075e-05,0
2022-01-14 09:30:00,42518.49,42548.53,0.000706516153325315,1
2022-01-14 10:00:00,42548.52,42406.01,-0.003349352691938398,0
2022-01-14 10:30:00,42406.01,42075.29,-0.007798894543485727,0
2022-01-14 11:00:00,42075.29,41897.14,-0.004234076580339707,0
2022-01-14 11:30:00,41897.14,42012.94,0.0027639118087774707,1
2022-01-14 12:00:00,42012.94,42016.43,8.306964473321701e-05,1
2022-01-14 12:30:00,42016.43,42057.26,0.0009717627128245247,1
2022-01-14 13:00:00,42057.26,42230.0,0.004107257581687394,1
2022-01-14 13:30:00,42230.01,42165.0,-0.0015394265831337013,0
2022-01-14 14:00:00,42165.01,42286.17,0.0028734725783296673,1
2022-01-14 14:30:00,42286.17,42975.88,0.01631053368039714,1
2022-01-14 15:00:00,42975.89,43122.52,0.003411913051713353,1
2022-01-14 15:30:00,43122.51,43109.0,-0.0003132934516103547,0
2022-01-14 16:00:00,43109.0,42977.21,-0.0030571342411097654,0
2022-01-14 16:30:00,42978.17,43201.06,0.005186121233174875,1
2022-01-14 17:00:00,43201.06,43059.16,-0.0032846416268488363,0
2022-01-14 17:30:00,43059.16,42913.26,-0.003388361500781749,0
2022-01-14 18:00:00,42913.26,42862.13,-0.001191473218301398,0
2022-01-14 18:30:00,42862.14,43050.04,0.0043838221796672185,1
2022-01-14 19:00:00,43050.04,43097.66,0.001106154605199034,1
2022-01-14 19:30:00,43095.24,43077.93,-0.00040166849053393535,0
2022-01-14 20:00:00,43077.93,43051.01,-0.0006249139640646208,0
2022-01-14 20:30:00,43051.0,43100.94,0.0011600195117419416,1
2022-01-14 21:00:00,43100.94,43181.53,0.0018697968072157243,1
2022-01-14 21:30:00,43181.53,43293.89,0.0026020384178142967,1
2022-01-14 22:00:00,43296.29,43205.2,-0.002103875412881884,0
2022-01-14 22:30:00,43205.19,43250.56,0.0010501053229946527,1
2022-01-14 23:00:00,43250.56,43075.44,-0.004048964915136252,0
2022-01-14 23:30:00,43075.44,43059.96,-0.0003593695154362486,0
2022-01-15 00:00:00,43059.96,43055.76,-9.753840923208218e-05,0
2022-01-15 00:30:00,43055.77,43100.01,0.0010275045597838628,1
2022-01-15 01:00:00,43100.0,43051.45,-0.0011264501160093484,0
2022-01-15 01:30:00,43051.47,42967.8,-0.0019434876439758794,0
2022-01-15 02:00:00,42967.8,43001.01,0.0007729043609400325,1
2022-01-15 02:30:00,43001.01,43090.0,0.0020694862748572174,1
2022-01-15 03:00:00,43089.99,43098.95,0.00020793692456180953,1
2022-01-15 03:30:00,43098.96,42927.96,-0.003967613139621002,0
2022-01-15 04:00:00,42927.95,42823.93,-0.0024231299188523284,0
2022-01-15 04:30:00,42823.93,42907.71,0.0019563827981224245,1
2022-01-15 05:00:00,42907.72,42950.52,0.0009974894960626114,1
2022-01-15 05:30:00,42950.52,42985.96,0.0008251355280448835,1
2022-01-15 06:00:00,42985.97,42979.14,-0.00015888905147427745,0
2022-01-15 06:30:00,42979.14,43068.4,0.0020768214533841774,1
2022-01-15 07:00:00,43068.4,42970.81,-0.002265930473386608,0
2022-01-15 07:30:00,42970.81,43088.12,0.0027299927555474277,1
2022-01-15 08:00:00,43088.12,43033.59,-0.001265546048423698,0
2022-01-15 08:30:00,43033.59,42983.95,-0.0011535175196863525,0
2022-01-15 09:00:00,42983.94,42915.97,-0.0015812882671993578,0
2022-01-15 09:30:00,42915.97,43061.7,0.0033957056079589,1
2022-01-15 10:00:00,43061.7,43196.52,0.003130856422296373,1
2022-01-15 10:30:00,43196.53,43096.75,-0.002309907763424489,0
2022-01-15 11:00:00,43096.75,43068.7,-0.0006508611438218174,0
2022-01-15 11:30:00,43068.7,43017.59,-0.001186708677067118,0
2022-01-15 12:00:00,43017.59,42944.57,-0.001697445161386233,0
2022-01-15 12:30:00,42944.58,42715.56,-0.005332919777070915,0
2022-01-15 13:00:00,42715.57,42873.41,0.00369513973476191,1
2022-01-15 13:30:00,42873.41,42906.51,0.0007720402925729151,1
2022-01-15 14:00:00,42906.51,42942.6,0.0008411311010845791,1
2022-01-15 14:30:00,42942.61,43186.48,0.005678974799156423,1
2022-01-15 15:00:00,43186.47,43152.0,-0.0007981666480265964,0
2022-01-15 15:30:00,43151.99,43401.21,0.005775399929412321,1
2022-01-15 16:00:00,43401.21,43279.89,-0.0027953137712059114,0
2022-01-15 16:30:00,43279.89,43338.22,0.0013477391000763113,1
2022-01-15 17:00:00,43338.21,43377.43,0.0009049750785738766,1
2022-01-15 17:30:00,43376.42,43383.26,0.00015768936210050954,1
2022-01-15 18:00:00,43383.26,43284.35,-0.002279911652559155,0
2022-01-15 18:30:00,43284.35,43334.93,0.0011685516820745085,1
2022-01-15 19:00:00,43334.92,43400.01,0.0015020219259664904,1
2022-01-15 19:30:00,43400.02,43528.34,0.002956680665124111,1
2022-01-15 20:00:00,43528.33,43704.66,0.00405092499528472,1
2022-01-15 20:30:00,43704.66,43485.0,-0.005026008668183289,0
2022-01-15 21:00:00,43485.0,43368.65,-0.002675635276532104,0
2022-01-15 21:30:00,43368.65,43296.72,-0.0016585713412799405,0
2022-01-15 22:00:00,43296.72,43152.0,-0.0033425164769987463,0
2022-01-15 22:30:00,43152.0,43237.4,0.0019790507971820877,1
2022-01-15 23:00:00,43237.39,43238.26,2.0121473567267113e-05,1
2022-01-15 23:30:00,43238.25,43084.29,-0.0035607361537527333,0
2022-01-16 00:00:00,43084.29,43077.07,-0.00016757848394394252,0
2022-01-16 00:30:00,43077.07,43069.7,-0.00017108870217966588,0
2022-01-16 01:00:00,43069.69,43070.01,7.42981897477574e-06,1
2022-01-16 01:30:00,43070.01,42996.99,-0.0016953792209475705,0
2022-01-16 02:00:00,42996.99,43007.82,0.0002518780965830805,1
2022-01-16 02:30:00,43009.34,42923.66,-0.0019921254313596307,0
2022-01-16 03:00:00,42922.93,42970.48,0.0011077994908549559,1
2022-01-16 03:30:00,42970.48,42977.22,0.00015685186667679677,1
2022-01-16 04:00:00,42977.22,42994.73,0.00040742514290133323,1
2022-01-16 04:30:00,42994.73,43023.02,0.0006579876184823952,1
2022-01-16 05:00:00,43023.57,43091.1,0.001569604753859311,1
2022-01-16 05:30:00,43091.1,42958.69,-0.0030727922935361645,0
2022-01-16 06:00:00,42953.17,43126.99,0.004046732755696488,1
2022-01-16 06:30:00,43126.98,43200.0,0.0016931396541097195,1
2022-01-16 07:00:00,43200.0,43122.69,-0.0017895833333332794,0
2022-01-16 07:30:00,43122.69,43202.21,0.0018440408054320543,1
2022-01-16 08:00:00,43202.21,43182.27,-0.0004615504623490865,0
2022-01-16 08:30:00,43182.26,43070.27,-0.0025934260967352156,0
2022-01-16 09:00:00,43070.26,43104.01,0.0007836033495038107,1
2022-01-16 09:30:00,43104.01,43074.99,-0.0006732552261379874,0
2022-01-16 10:00:00,43074.99,43168.03,0.0021599540707960903,1
2022-01-16 10:30:00,43168.03,42899.99,-0.006209224743403878,0
2022-01-16 11:00:00,42900.0,42970.84,0.0016512820512819698,1
2022-01-16 11:30:00,42970.84,42968.29,-5.934256812283946e-05,0
2022-01-16 12:00:00,42968.3,43085.95,0.0027380650386446327,1
2022-01-16 12:30:00,43085.91,43005.93,-0.001856291302655629,0
2022-01-16 13:00:00,43005.93,42610.13,-0.009203381952209913,0
2022-01-16 13:30:00,42610.14,43129.54,0.012189586797884294,1
2022-01-16 14:00:00,43129.54,43241.02,0.0025847713655187585,1
2022-01-16 14:30:00,43241.03,43300.02,0.0013642135721558429,1
2022-01-16 15:00:00,43300.01,43152.99,-0.003395380278203263,0
2022-01-16 15:30:00,43153.0,43219.53,0.0015417236345097406,1
2022-01-16 16:00:00,43219.54,43400.8,0.004193936353788171,1
2022-01-16 16:30:00,43400.8,43381.45,-0.0004458443162339362,0
2022-01-16 17:00:00,43381.46,43276.84,-0.0024116292997055106,0
2022-01-16 17:30:00,43280.01,43071.88,-0.00480891755801361,0
2022-01-16 18:00:00,43071.88,43031.0,-0.0009491111137939041,0
2022-01-16 18:30:00,43030.99,43066.8,0.000832190939599692,1
2022-01-16 19:00:00,43066.79,42936.4,-0.003027622908510233,0
2022-01-16 19:30:00,42936.4,42824.79,-0.002599426127947396,0
2022-01-16 20:00:00,42824.79,43005.33,0.004215782494204895,1
2022-01-16 20:30:00,43005.33,43029.01,0.0005506294219809565,1
2022-01-16 21:00:00,43029.06,42963.64,-0.001520367863020904,0
2022-01-16 21:30:00,42963.64,42951.01,-0.00029396950537704397,0
2022-01-16 22:00:00,42951.02,43194.99,0.005680191064147049,1
2022-01-16 22:30:00,43195.0,43190.01,-0.00011552262993397298,0
2022-01-16 23:00:00,43190.0,43183.11,-0.00015952766844175544,0
2022-01-16 23:30:00,43183.11,43071.66,-0.00258087015965263,0
2022-01-17 00:00:00,43071.66,42983.77,-0.0020405528832649284,0
2022-01-17 00:30:00,42983.78,42891.12,-0.002155696869842443,0
2022-01-17 01:00:00,42891.11,42895.12,9.349256757407391e-05,1
2022-01-17 01:30:00,42895.11,42894.05,-2.471144146728314e-05,0
2022-01-17 02:00:00,42894.05,42902.19,0.00018976990981265274,1
2022-01-17 02:30:00,42902.2,42918.6,0.00038226477896241817,1
2022-01-17 03:00:00,42918.6,42798.81,-0.002791097566090247,0
2022-01-17 03:30:00,42798.81,42647.4,-0.003537715184137041,0
2022-01-17 04:00:00,42647.4,42780.93,0.00313102322767622,1
2022-01-17 04:30:00,42780.94,42622.99,-0.0036920647372405647,0
2022-01-17 05:00:00,42622.99,42541.4,-0.0019142251634621718,0
2022-01-17 05:30:00,42541.4,42664.68,0.0028978830033802093,1
2022-01-17 06:00:00,42664.68,42822.8,0.0037061100657499978,1
2022-01-17 06:30:00,42822.8,42748.92,-0.0017252491663320626,0
2022-01-17 07:00:00,42748.92,42856.85,0.0025247421455325725,1
2022-01-17 07:30:00,42856.84,42656.03,-0.004685599778238379,0
2022-01-17 08:00:00,42656.03,42667.69,0.0002733493951500759,1
2022-01-17 08:30:00,42667.48,42790.35,0.0028797107305140904,1
2022-01-17 09:00:00,42790.35,42743.26,-0.001100481767501236,0
2022-01-17 09:30:00,42743.26,42838.94,0.002238481575808684,1
2022-01-17 10:00:00,42838.94,42814.05,-0.0005810134424427733,0
2022-01-17 10:30:00,42814.05,42795.11,-0.00044237814455774045,0
2022-01-17 11:00:00,42795.11,42712.82,-0.0019228832453053834,0
2022-01-17 11:30:00,42712.82,42671.31,-0.0009718393681335495,0
2022-01-17 12:00:00,42671.3,42700.0,0.0006725832116667898,1
2022-01-17 12:30:00,42700.0,42550.09,-0.003510772833723735,0
2022-01-17 13:00:00,42550.09,42577.19,0.0006368964201957228,1
2022-01-17 13:30:00,42577.19,42646.38,0.0016250485295059409,1
2022-01-17 14:00:00,42646.37,42708.79,0.0014636650200239376,1
2022-01-17 14:30:00,42708.79,42661.71,-0.0011023491885394493,0
2022-01-17 15:00:00,42661.73,42624.25,-0.000878539149725133,0
2022-01-17 15:30:00,42624.24,42477.66,-0.0034388882945477614,0
2022-01-17 16:00:00,42477.67,42333.6,-0.003391664373304838,0
2022-01-17 16:30:00,42333.86,42217.03,-0.002759729445885675,0
2022-01-17 17:00:00,42217.02,42049.99,-0.003956461161872601,0
2022-01-17 17:30:00,42049.99,42110.83,0.0014468493333768637,1
2022-01-17 18:00:00,42110.84,41969.2,-0.0033635045038284545,0
2022-01-17 18:30:00,41969.21,42174.65,0.004895017085144141,1
2022-01-17 19:00:00,42174.66,42192.94,0.0004334356222432815,1
2022-01-17 19:30:00,42192.94,42238.31,0.001075298379302209,1
2022-01-17 20:00:00,42238.31,42198.88,-0.0009335127281370939,0
2022-01-17 20:30:00,42198.87,42083.47,-0.0027346703833539014,0
2022-01-17 21:00:00,42078.64,41782.14,-0.007046330394708574,0
2022-01-17 21:30:00,41782.15,41724.2,-0.0013869559129916571,0
2022-01-17 22:00:00,41724.19,41806.3,0.0019679231639967267,1
2022-01-17 22:30:00,41806.3,42077.19,0.006479645412294305,1
2022-01-17 23:00:00,42077.18,42162.97,0.002038872376903606,1
2022-01-17 23:30:00,42162.97,42201.62,0.0009166811541027934,1
2022-01-18 00:00:00,42201.63,42268.98,0.0015959099210150372,1
2022-01-18 00:30:00,42268.98,42361.8,0.002195936594637479,1
2022-01-18 01:00:00,42361.8,42325.49,-0.0008571401592945754,0
2022-01-18 01:30:00,42325.49,42260.9,-0.0015260307677476743,0
2022-01-18 02:00:00,42260.9,42162.66,-0.0023246073793979295,0
2022-01-18 02:30:00,42162.66,42272.03,0.002594001422111303,1
2022-01-18 03:00:00,42272.04,42173.4,-0.0023334572923379,0
2022-01-18 03:30:00,42173.41,42040.54,-0.003150563352595927,0
2022-01-18 04:00:00,42040.53,41970.2,-0.001672909451902765,0
2022-01-18 04:30:00,41970.2,42033.75,0.0015141695774621735,1
2022-01-18 05:00:00,42033.75,42143.17,0.0026031462812620395,1
2022-01-18 05:30:00,42143.17,42097.25,-0.0010896190296078405,0
2022-01-18 06:00:00,42097.25,42279.99,0.0043409011277458255,1
2022-01-18 06:30:00,42280.0,42236.07,-0.0010390255439924384,0
2022-01-18 07:00:00,42236.07,42018.39,-0.005153888607533804,0
2022-01-18 07:30:00,42018.4,42061.94,0.0010362127068141783,1
2022-01-18 08:00:00,42065.42,41760.71,-0.007243717048349907,0
2022-01-18 08:30:00,41760.71,41718.73,-0.001005251108039014,0
2022-01-18 09:00:00,41718.73,41799.29,0.0019310271429642673,1
2022-01-18 09:30:00,41799.3,41903.48,0.002492386236133148,1
2022-01-18 10:00:00,41903.48,41959.99,0.0013485753450547485,1
2022-01-18 10:30:00,41959.99,41924.72,-0.0008405626407441183,0
2022-01-18 11:00:00,41924.73,41817.73,-0.0025521929419700493,0
2022-01-18 11:30:00,41817.74,41854.14,0.000870443979038596,1
2022-01-18 12:00:00,41854.13,41749.34,-0.0025036955731728475,0
2022-01-18 12:30:00,41749.34,41807.52,0.0013935549639826712,1
2022-01-18 13:00:00,41807.52,41436.81,-0.00886706506389279,0
2022-01-18 13:30:00,41436.82,41654.09,0.005243404295985956,1
2022-01-18 14:00:00,41654.1,41511.99,-0.0034116689593581564,0
2022-01-18 14:30:00,41511.99,41449.34,-0.0015092025219701937,0
2022-01-18 15:00:00,41449.34,41793.51,0.008303389149260413,1
2022-01-18 15:30:00,41793.51,41587.27,-0.004934737474789871,0
2022-01-18 16:00:00,41587.26,41552.43,-0.0008375161046917191,0
2022-01-18 16:30:00,41552.43,41706.66,0.0037116962834665315,1
2022-01-18 17:00:00,41710.84,41580.01,-0.0031365947077544947,0
2022-01-18 17:30:00,41580.0,41489.04,-0.0021875901875901666,0
2022-01-18 18:00:00,41489.04,41444.04,-0.001084623794621423,0
2022-01-18 18:30:00,41444.04,41607.37,0.003940976796663688,1
2022-01-18 19:00:00,41607.36,41631.73,0.0005857136814256569,1
2022-01-18 19:30:00,41631.73,41699.61,0.0016304871308494117,1
2022-01-18 20:00:00,41695.59,41628.04,-0.0016200754084543627,0
2022-01-18 20:30:00,41628.04,41784.27,0.003752999180360063,1
2022-01-18 21:00:00,41784.97,42269.04,0.011584787544420869,1
2022-01-18 21:30:00,42269.03,42369.92,0.0023868539211805762,1
2022-01-18 22:00:00,42369.92,42385.23,0.0003613412534176356,1
2022-01-18 22:30:00,42385.24,42480.96,0.002258333325468988,1
2022-01-18 23:00:00,42480.96,42484.55,8.450844802009614e-05,1
2022-01-18 23:30:00,42487.89,42352.12,-0.0031954987644714013,0
2022-01-19 00:00:00,42352.12,42454.9,0.0024267970528983867,1
2022-01-19 00:30:00,42454.9,42252.73,-0.004761994492979568,0
2022-01-19 01:00:00,42246.51,42419.53,0.00409548623069685,1
2022-01-19 01:30:00,42419.53,42420.18,1.5323130642924503e-05,1
2022-01-19 02:00:00,42420.17,42386.25,-0.0007996196149142791,0
2022-01-19 02:30:00,42386.25,42333.81,-0.0012371936653986218,0
2022-01-19 03:00:00,42340.23,42255.73,-0.0019957378597140352,0
2022-01-19 03:30:00,42254.52,41706.41,-0.012971630017332899,0
2022-01-19 04:00:00,41706.41,41668.2,-0.0009161661241043379,0
2022-01-19 04:30:00,41668.19,41712.02,0.0010518815432106474,1
2022-01-19 05:00:00,41712.01,41770.19,0.0013948021205403502,1
2022-01-19 05:30:00,41770.19,41762.55,-0.00018290556016143134,0
2022-01-19 06:00:00,41765.99,41735.35,-0.0007336112468541849,0
2022-01-19 06:30:00,41735.34,41710.59,-0.0005930226038652136,0
2022-01-19 07:00:00,41710.59,41349.76,-0.008650800671963511,0
2022-01-19 07:30:00,41349.75,41287.1,-0.0015151240333980606,0
2022-01-19 08:00:00,41287.1,41252.92,-0.0008278614870020004,0
2022-01-19 08:30:00,41252.91,41368.68,0.0028063474794868238,1
2022-01-19 09:00:00,41368.68,41471.54,0.0024864220951695964,1
2022-01-19 09:30:00,41471.55,41573.59,0.002460481944851195,1
2022-01-19 10:00:00,41573.59,41498.43,-0.001807878511333667,0
2022-01-19 10:30:00,41498.43,41505.53,0.00017109080994144946,1
2022-01-19 11:00:00,41509.06,41900.0,0.009418184849283563,1
2022-01-19 11:30:00,41900.08,42033.0,0.0031723089788849627,1
2022-01-19 12:00:00,42033.0,42162.88,0.0030899531320628406,1
2022-01-19 12:30:00,42162.89,42094.99,-0.0016104209175415028,0
2022-01-19 13:00:00,42094.99,42230.99,0.0032307882719535036,1
2022-01-19 13:30:00,42230.99,42191.85,-0.0009268075410971758,0
2022-01-19 14:00:00,42191.85,42201.59,0.00023085027084609856,1
2022-01-19 14:30:00,42201.59,42495.38,0.006961586044506875,1
2022-01-19 15:00:00,42495.38,42199.13,-0.006971346061618934,0
2022-01-19 15:30:00,42199.13,41981.27,-0.005162665675808971,0
2022-01-19 16:00:00,41981.27,41849.09,-0.00314854695915584,0
2022-01-19 16:30:00,41849.09,41912.76,0.001521418984260005,1
2022-01-19 17:00:00,41912.77,42239.36,0.007792135905119223,1
2022-01-19 17:30:00,42239.35,42151.01,-0.0020914147589865023,0
2022-01-19 18:00:00,42151.0,42007.28,-0.003409646271737353,0
2022-01-19 18:30:00,42007.28,42005.0,-5.4276306392578525e-05,0
2022-01-19 19:00:00,42005.0,41776.69,-0.005435305320795088,0
2022-01-19 19:30:00,41776.69,41873.79,0.0023242626450300044,1
2022-01-19 20:00:00,41872.45,41712.04,-0.003830919853029766,0
2022-01-19 20:30:00,41712.04,41631.4,-0.0019332547628933855,0
2022-01-19 21:00:00,41629.35,41775.51,0.0035109844376624544,1
2022-01-19 21:30:00,41775.51,41712.22,-0.0015150024500000328,0
2022-01-19 22:00:00,41712.22,41887.54,0.0042030848513936615,1
2022-01-19 22:30:00,41887.53,41976.88,0.002133093070897199,1
2022-01-19 23:00:00,41976.89,41797.18,-0.004281165183985739,0
2022-01-19 23:30:00,41795.0,41660.01,-0.0032298121784902012,0
2022-01-20 00:00:00,41660.0,41771.35,0.002672827652424353,1
2022-01-20 00:30:00,41771.35,41828.24,0.0013619382662997347,1
2022-01-20 01:00:00,41828.23,41699.99,-0.0030658720199254245,0
2022-01-20 01:30:00,41699.99,41769.99,0.0016786574768962775,1
2022-01-20 02:00:00,41770.0,41947.05,0.004238688053627075,1
2022-01-20 02:30:00,41947.05,41983.27,0.0008634695407661299,1
2022-01-20 03:00:00,41983.26,41943.0,-0.000958953640093743,0
2022-01-20 03:30:00,41943.0,41924.97,-0.0004298691080752172,0
2022-01-20 04:00:00,41924.97,41882.71,-0.0010079911804350018,0
2022-01-20 04:30:00,41882.71,41884.17,3.4859253376849944e-05,1
2022-01-20 05:00:00,41884.17,41797.39,-0.0020719044927952216,0
2022-01-20 05:30:00,41797.39,41879.2,0.001957299247632392,1
2022-01-20 06:00:00,41879.19,42041.57,0.0038773433774625865,1
2022-01-20 06:30:00,42041.58,42009.07,-0.0007732820697985669,0
2022-01-20 07:00:00,42009.08,41973.7,-0.0008421988770047964,0
2022-01-20 07:30:00,41973.7,42058.31,0.0020157860755663807,1
2022-01-20 08:00:00,42058.31,41921.26,-0.003258571255002772,0
2022-01-20 08:30:00,41921.27,41966.58,0.0010808355758307167,1
2022-01-20 09:00:00,41969.55,41905.07,-0.001536351950402213,0
2022-01-20 09:30:00,41905.07,42053.53,0.003542769407138543,1
2022-01-20 10:00:00,42053.54,42101.99,0.0011521027718474376,1
2022-01-20 10:30:00,42099.88,42105.29,0.0001285039292274347,1
2022-01-20 11:00:00,42103.87,42084.23,-0.0004664654341750394,0
2022-01-20 11:30:00,42084.23,42129.44,0.0010742741402182984,1
2022-01-20 12:00:00,42129.45,41989.19,-0.0033292625467456795,0
2022-01-20 12:30:00,41989.2,42033.76,0.0010612252674498431,1
2022-01-20 13:00:00,42033.77,42037.41,8.659703852418411e-05,1
2022-01-20 13:30:00,42037.42,42375.14,0.0080337946524787,1
2022-01-20 14:00:00,42374.09,42401.6,0.0006492174817205995,1
2022-01-20 14:30:00,42401.6,42969.66,0.01339713595713381,1
2022-01-20 15:00:00,42969.67,43278.16,0.0071792499220963354,1
2022-01-20 15:30:00,43278.16,43308.69,0.0007054366451808218,1
2022-01-20 16:00:00,43308.7,43294.32,-0.00033203490291782903,0
2022-01-20 16:30:00,43290.27,43274.78,-0.0003578171261116635,0
2022-01-20 17:00:00,43274.77,43229.14,-0.001054425014852705,0
2022-01-20 17:30:00,43226.41,43025.85,-0.004639756112062162,0
2022-01-20 18:00:00,43025.85,42945.59,-0.001865390224713795,0
2022-01-20 18:30:00,42945.58,42834.19,-0.002593747715131555,0
2022-01-20 19:00:00,42834.19,43073.72,0.005592028237256239,1
2022-01-20 19:30:00,43073.73,42917.32,-0.003631215592427298,0
2022-01-20 20:00:00,42917.31,42714.81,-0.004718375872113141,0
2022-01-20 20:30:00,42714.8,42723.71,0.00020859280624037138,1
2022-01-20 21:00:00,42723.72,42410.05,-0.007341823230748592,0
2022-01-20 21:30:00,42410.04,41326.04,-0.025559985324229827,0
2022-01-20 22:00:00,41326.04,41465.92,0.0033847908001830656,1
2022-01-20 22:30:00,41465.92,41167.25,-0.007202782429522805,0
2022-01-20 23:00:00,41164.57,40836.17,-0.007977734250594662,0
2022-01-20 23:30:00,40836.16,40680.91,-0.0038017776402090695,0
2022-01-21 00:00:00,40680.92,40918.05,0.005829022549146004,1
2022-01-21 00:30:00,40925.32,40894.8,-0.0007457485976895672,0
2022-01-21 01:00:00,40894.81,40709.99,-0.004519399894509835,0
2022-01-21 01:30:00,40709.98,39762.99,-0.02326186355286849,0
2022-01-21 02:00:00,39763.0,40169.75,0.010229358951789351,1
2022-01-21 02:30:00,40169.75,39830.52,-0.0084449119051028,0
2022-01-21 03:00:00,39835.99,38959.19,-0.022010247517383043,0
2022-01-21 03:30:00,38959.19,38465.65,-0.012668127853787537,0
2022-01-21 04:00:00,38465.65,38788.99,0.00840594140486373,1
2022-01-21 04:30:00,38788.99,38842.03,0.0013673983261745376,1
2022-01-21 05:00:00,38842.03,38792.0,-0.0012880377261435315,0
2022-01-21 05:30:00,38792.0,38909.01,0.003016343575995103,1
2022-01-21 06:00:00,38909.01,38767.2,-0.0036446571115534665,0
2022-01-21 06:30:00,38767.2,38679.8,-0.002254483171340571,0
2022-01-21 07:00:00,38680.01,38837.72,0.004077299876602904,1
2022-01-21 07:30:00,38837.71,39134.55,0.0076430870924162056,1
2022-01-21 08:00:00,39136.31,39148.39,0.0003086647668112233,1
2022-01-21 08:30:00,39148.38,39157.63,0.00023628053063753853,1
2022-01-21 09:00:00,39157.63,39031.29,-0.003226446544389855,0
2022-01-21 09:30:00,39031.29,38959.77,-0.0018323760244666285,0
2022-01-21 10:00:00,38959.77,39025.35,0.001683274824261071,1
2022-01-21 10:30:00,39025.36,38965.92,-0.0015231121506631157,0
2022-01-21 11:00:00,38965.92,38831.39,-0.00345250413694836,0
2022-01-21 11:30:00,38831.4,38898.18,0.0017197422704306009,1
2022-01-21 12:00:00,38898.19,38533.0,-0.009388354573824703,0
2022-01-21 12:30:00,38533.0,38186.16,-0.009001115926608272,0
2022-01-21 13:00:00,38186.16,38387.28,0.0052668296576559494,1
2022-01-21 13:30:00,38387.28,38491.01,0.0027021971861513295,1
2022-01-21 14:00:00,38491.01,38604.42,0.002946402289781334,1
2022-01-21 14:30:00,38604.42,38429.11,-0.004541189843028277,0
2022-01-21 15:00:00,38429.12,38456.6,0.0007150827289304549,1
2022-01-21 15:30:00,38456.6,38857.26,0.01041849773510928,1
2022-01-21 16:00:00,38857.24,38941.96,0.0021802886669254214,1
2022-01-21 16:30:00,38941.96,38720.72,-0.005681275416029342,0
2022-01-21 17:00:00,38720.72,38503.24,-0.005616631095702848,0
2022-01-21 17:30:00,38503.23,38382.5,-0.003135581092807102,0
2022-01-21 18:00:00,38383.49,38183.16,-0.005219171055055038,0
2022-01-21 18:30:00,38183.16,38265.12,0.0021464959945693106,1
2022-01-21 19:00:00,38268.42,38228.55,-0.0010418512183151367,0
2022-01-21 19:30:00,38222.0,37984.12,-0.006223640835121066,0
2022-01-21 20:00:00,37984.11,37757.4,-0.005968548427223887,0
2022-01-21 20:30:00,37757.39,38355.16,0.015831867615849614,1
2022-01-21 21:00:00,38350.62,38022.84,-0.008546928315631041,0
2022-01-21 21:30:00,38022.84,36682.23,-0.035258018601450954,0
2022-01-21 22:00:00,36682.23,37000.0,0.008662777590130065,1
2022-01-21 22:30:00,37000.01,36117.6,-0.02384891247326699,0
2022-01-21 23:00:00,36123.85,36732.31,0.01684371959245759,1
2022-01-21 23:30:00,36732.3,36445.31,-0.007813014703680555,0
2022-01-22 00:00:00,36445.31,36410.15,-0.0009647331851477246,0
2022-01-22 00:30:00,36410.15,36487.96,0.002137041456846447,1
2022-01-22 01:00:00,36487.96,36261.0,-0.006220133983922344,0
2022-01-22 01:30:00,36260.99,36483.15,0.006126694279444756,1
2022-01-22 02:00:00,36483.15,36316.08,-0.004579374313895585,0
2022-01-22 02:30:00,36316.08,36467.23,0.004162068152730181,1
2022-01-22 03:00:00,36467.22,36545.66,0.0021509728462987395,1
2022-01-22 03:30:00,36545.66,36341.64,-0.005582605431123807,0
2022-01-22 04:00:00,36340.43,36295.19,-0.0012448944605222877,0
2022-01-22 04:30:00,36295.2,36278.51,-0.0004598404196696823,0
2022-01-22 05:00:00,36278.52,36130.91,-0.004068798837438609,0
2022-01-22 05:30:00,36130.91,35738.77,-0.010853310918546105,0
2022-01-22 06:00:00,35738.77,35572.92,-0.00464061857752795,0
2022-01-22 06:30:00,35572.91,35719.0,0.00410677675793171,1
2022-01-22 07:00:00,35719.01,35347.81,-0.010392225316435263,0
2022-01-22 07:30:00,35355.03,35400.02,0.001272520487183803,1
2022-01-22 08:00:00,35400.01,35764.25,0.010289262630151742,1
2022-01-22 08:30:00,35761.66,35599.94,-0.004522161443288738,0
2022-01-22 09:00:00,35599.94,35428.06,-0.004828098024884442,0
2022-01-22 09:30:00,35428.06,34814.49,-0.017318758069168893,0
2022-01-22 10:00:00,34812.32,34903.54,0.002620336708383732,1
2022-01-22 10:30:00,34903.53,35488.54,0.01676076889644119,1
2022-01-22 11:00:00,35488.54,35377.0,-0.0031429864401297113,0
2022-01-22 11:30:00,35377.0,35406.76,0.0008412245244085716,1
2022-01-22 12:00:00,35406.76,35395.73,-0.00031152243243942217,0
2022-01-22 12:30:00,35395.73,35768.0,0.010517370315571872,1
2022-01-22 13:00:00,35769.8,35775.39,0.00015627708290223897,1
2022-01-22 13:30:00,35775.39,35576.3,-0.0055649987323687184,0
2022-01-22 14:00:00,35576.29,35496.84,-0.002233228928592733,0
2022-01-22 14:30:00,35496.85,35009.27,-0.013735866703665304,0
2022-01-22 15:00:00,35009.27,35023.78,0.0004144616554416027,1
2022-01-22 15:30:00,35023.78,34838.68,-0.005284980661710374,0
2022-01-22 16:00:00,34838.69,35261.65,0.012140525375667085,1
2022-01-22 16:30:00,35261.64,35100.02,-0.004583451024966582,0
2022-01-22 17:00:00,35095.23,34631.23,-0.013221169942467964,0
2022-01-22 17:30:00,34621.9,34610.01,-0.0003434242488135954,0
2022-01-22 18:00:00,34610.0,34490.41,-0.0034553597226234184,0
2022-01-22 18:30:00,34490.41,34392.12,-0.002849777662834419,0
2022-01-22 19:00:00,34392.12,34430.0,0.0011014150915964872,1
2022-01-22 19:30:00,34427.99,34528.62,0.00292291243258769,1
2022-01-22 20:00:00,34528.61,34931.01,0.011654103654911143,1
2022-01-22 20:30:00,34931.02,35287.51,0.010205542237243724,1
2022-01-22 21:00:00,35287.5,35229.66,-0.0016391073326247681,0
2022-01-22 21:30:00,35226.76,35387.01,0.004549098469459013,1
2022-01-22 22:00:00,35383.95,35014.44,-0.010442870284408462,0
2022-01-22 22:30:00,35019.92,34875.0,-0.00413821619238417,0
2022-01-22 23:00:00,34875.0,35098.53,0.006409462365591365,1
2022-01-22 23:30:00,35098.52,35071.42,-0.0007721123283830358,0
2022-01-23 00:00:00,35071.42,35372.54,0.008585908412034717,1
2022-01-23 00:30:00,35372.54,35401.1,0.000807405970846246,1
2022-01-23 01:00:00,35401.11,35418.69,0.0004965945983050178,1
2022-01-23 01:30:00,35418.69,35315.04,-0.002926421050580963,0
2022-01-23 02:00:00,35316.99,35161.91,-0.004391087688956349,0
2022-01-23 02:30:00,35161.9,34875.29,-0.008151152241488673,0
2022-01-23 03:00:00,34875.3,34917.58,0.0012123193205506142,1
2022-01-23 03:30:00,34921.1,35051.0,0.0037198140952032287,1
2022-01-23 04:00:00,35051.01,35220.26,0.004828676834134024,1
2022-01-23 04:30:00,35220.26,35217.66,-7.38211472600868e-05,0
2022-01-23 05:00:00,35217.65,35059.5,-0.004490646025501459,0
2022-01-23 05:30:00,35059.5,35456.4,0.011320754716981173,1
2022-01-23 06:00:00,35456.4,35311.47,-0.004087555420178029,0
2022-01-23 06:30:00,35311.47,35279.83,-0.0008960261354171723,0
2022-01-23 07:00:00,35279.84,35689.08,0.011599825849550488,1
2022-01-23 07:30:00,35689.08,35571.19,-0.0033032513026393343,0
2022-01-23 08:00:00,35571.19,35474.99,-0.0027044358088667924,0
2022-01-23 08:30:00,35474.99,35846.77,0.010480059331940583,1
2022-01-23 09:00:00,35846.77,36013.05,0.004638632713630995,1
2022-01-23 09:30:00,36013.04,35882.35,-0.003628963286631796,0
2022-01-23 10:00:00,35877.41,35821.97,-0.0015452620465078813,0
2022-01-23 10:30:00,35821.97,35902.12,0.0022374537190445265,1
2022-01-23 11:00:00,35902.12,35726.29,-0.004897482377085301,0
2022-01-23 11:30:00,35726.29,35686.29,-0.0011196236720913367,0
2022-01-23 12:00:00,35686.29,35701.92,0.0004379833263698014,1
2022-01-23 12:30:00,35701.91,35803.21,0.002837383210029817,1
2022-01-23 13:00:00,35803.21,35859.08,0.0015604746054893575,1
2022-01-23 13:30:00,35859.09,35969.27,0.0030725821542041446,1
2022-01-23 14:00:00,35969.28,35620.0,-0.009710508522828338,0
2022-01-23 14:30:00,35619.99,35323.85,-0.008313870947184417,0
2022-01-23 15:00:00,35323.85,35268.59,-0.0015643821384136226,0
2022-01-23 15:30:00,35268.58,35287.58,0.0005387231354366974,1
2022-01-23 16:00:00,35282.66,35180.01,-0.002909361142272194,0
2022-01-23 16:30:00,35180.0,35228.45,0.0013772029562250452,1
2022-01-23 17:00:00,35228.44,35317.31,0.0025226777001762023,1
2022-01-23 17:30:00,35317.31,35332.6,0.0004329321797158638,1
2022-01-23 18:00:00,35332.59,35124.35,-0.005893708895951245,0
2022-01-23 18:30:00,35124.36,34956.27,-0.004785567623153953,0
2022-01-23 19:00:00,34956.28,35098.26,0.004061645003415787,1
2022-01-23 19:30:00,35098.25,34775.45,-0.00919703973844858,0
2022-01-23 20:00:00,34775.45,35088.02,0.008988237391608154,1
2022-01-23 20:30:00,35088.01,35300.13,0.006045369914110129,1
2022-01-23 21:00:00,35300.13,35304.68,0.00012889470945299383,1
2022-01-23 21:30:00,35304.69,35346.15,0.001174348223989479,1
2022-01-23 22:00:00,35346.15,35384.65,0.0010892275396330294,1
2022-01-23 22:30:00,35384.65,35508.47,0.003499257446378577,1
2022-01-23 23:00:00,35508.47,36326.69,0.023042952850404457,1
2022-01-23 23:30:00,36326.69,36244.55,-0.002261147382269054,0
2022-01-24 00:00:00,36244.55,35819.42,-0.011729487605722918,0
2022-01-24 00:30:00,35819.41,35840.29,0.0005829241743512073,1
2022-01-24 01:00:00,35840.3,35800.02,-0.0011238745211397815,0
2022-01-24 01:30:00,35800.03,35652.22,-0.00412876748985958,0
2022-01-24 02:00:00,35650.01,35578.76,-0.001998596914839575,0
2022-01-24 02:30:00,35578.77,35201.17,-0.010613070659834462,0
2022-01-24 03:00:00,35201.17,35208.65,0.00021249293702462735,1
2022-01-24 03:30:00,35208.65,35338.26,0.003681197660234078,1
2022-01-24 04:00:00,35338.25,35358.24,0.0005656760026316516,1
2022-01-24 04:30:00,35358.25,35123.56,-0.006637489129128346,0
2022-01-24 05:00:00,35123.57,35038.52,-0.002421450894655723,0
2022-01-24 05:30:00,35038.94,35184.06,0.004141677801896842,1
2022-01-24 06:00:00,35184.06,35322.35,0.003930473060812223,1
2022-01-24 06:30:00,35322.34,35265.37,-0.0016128603031394266,0
2022-01-24 07:00:00,35265.14,35238.79,-0.0007471968068182501,0
2022-01-24 07:30:00,35238.78,34888.81,-0.009931388090053095,0
2022-01-24 08:00:00,34887.9,35136.46,0.007124533147595518,1
2022-01-24 08:30:00,35136.47,34959.79,-0.00502839357510872,0
2022-01-24 09:00:00,34959.79,34725.39,-0.00670484576709418,0
2022-01-24 09:30:00,34729.0,34512.2,-0.006242621440294938,0
2022-01-24 10:00:00,34510.04,33534.37,-0.028272062275210293,0
2022-01-24 10:30:00,33534.37,33276.59,-0.007687038700891238,0
2022-01-24 11:00:00,33276.59,33781.67,0.01517823791440174,1
2022-01-24 11:30:00,33781.66,33697.11,-0.002502837338366525,0
2022-01-24 12:00:00,33697.12,33587.04,-0.003266748018821838,0
2022-01-24 12:30:00,33587.05,33114.9,-0.014057501328637121,0
2022-01-24 13:00:00,33114.89,33521.79,0.012287523829914623,1
2022-01-24 13:30:00,33521.79,33335.23,-0.005565335264017753,0
2022-01-24 14:00:00,33335.23,33603.99,0.00806234125278256,1
2022-01-24 14:30:00,33603.99,33622.71,0.0005570767042842581,1
2022-01-24 15:00:00,33622.7,33881.53,0.007698073028043606,1
2022-01-24 15:30:00,33881.52,34233.95,0.010401835572902288,1
2022-01-24 16:00:00,34237.31,34449.67,0.006202590098345945,1
2022-01-24 16:30:00,34445.2,34417.76,-0.0007966276868764024,0
2022-01-24 17:00:00,34417.75,34646.53,0.006647151542445362,1
2022-01-24 17:30:00,34646.53,35363.1,0.02068230209489954,1
2022-01-24 18:00:00,35363.11,35760.91,0.011249010621520644,1
2022-01-24 18:30:00,35760.91,36179.99,0.011718941156698597,1
2022-01-24 19:00:00,36179.99,35859.33,-0.008862910133474228,0
2022-01-24 19:30:00,35859.33,36066.4,0.0057745083357664435,1
2022-01-24 20:00:00,36066.4,36090.09,0.0006568440432090547,1
2022-01-24 20:30:00,36092.2,37220.05,0.031249134161952054,1
2022-01-24 21:00:00,37218.56,36889.95,-0.008829197045775027,0
2022-01-24 21:30:00,36896.26,36805.22,-0.0024674587614029408,0
2022-01-24 22:00:00,36807.92,36566.11,-0.006569510040230409,0
2022-01-24 22:30:00,36566.12,36369.44,-0.005378749509108439,0
2022-01-24 23:00:00,36369.43,36536.05,0.004581320081178139,1
2022-01-24 23:30:00,36536.05,36660.35,0.0034021192767142486,1
2022-01-25 00:00:00,36660.35,36272.41,-0.010582004809010144,0
2022-01-25 00:30:00,36277.82,36037.58,-0.0066222281272688924,0
2022-01-25 01:00:00,36038.09,36120.7,0.0022922968448106044,1
2022-01-25 01:30:00,36120.7,36125.31,0.00012762764841214546,1
2022-01-25 02:00:00,36125.31,36159.51,0.000946704678797341,1
2022-01-25 02:30:00,36159.51,36317.27,0.004362890979440671,1
2022-01-25 03:00:00,36317.26,36257.13,-0.0016556865798797776,0
2022-01-25 03:30:00,36257.13,36424.49,0.004615919682556247,1
2022-01-25 04:00:00,36424.5,36396.61,-0.0007656934206371925,0
2022-01-25 04:30:00,36396.6,35950.0,-0.012270376903337085,0
2022-01-25 05:00:00,35950.01,35857.31,-0.002578580645735686,0
2022-01-25 05:30:00,35857.32,36054.81,0.005507662033860812,1
2022-01-25 06:00:00,36054.81,35986.08,-0.0019062643791492987,0
2022-01-25 06:30:00,35986.08,35843.89,-0.003951250038903996,0
2022-01-25 07:00:00,35843.89,35871.37,0.0007666578599589275,1
2022-01-25 07:30:00,35871.38,36044.01,0.004812471669615294,1
2022-01-25 08:00:00,36044.01,36172.59,0.003567305635527081,1
2022-01-25 08:30:00,36172.59,36070.55,-0.0028209204815025303,0
2022-01-25 09:00:00,36070.55,36383.18,0.008667181398675578,1
2022-01-25 09:30:00,36383.18,36409.42,0.0007212123844039461,1
2022-01-25 10:00:00,36409.42,36484.49,0.0020618290541293905,1
2022-01-25 10:30:00,36484.48,36430.39,-0.0014825481958357027,0
2022-01-25 11:00:00,36430.38,36271.21,-0.004369155633292825,0
2022-01-25 11:30:00,36271.2,36406.0,0.003716447208804862,1
2022-01-25 12:00:00,36406.0,36443.87,0.0010402131516783668,1
2022-01-25 12:30:00,36443.87,36519.13,0.002065093526016714,1
2022-01-25 13:00:00,36519.12,36303.64,-0.0059004707670941466,0
2022-01-25 13:30:00,36303.63,36498.0,0.005354010053540173,1
2022-01-25 14:00:00,36497.39,36590.29,0.00254538749209194,1
2022-01-25 14:30:00,36590.27,36299.99,-0.007933256573400493,0
2022-01-25 15:00:00,36299.99,36655.26,0.009787055037756322,1
2022-01-25 15:30:00,36655.26,36530.0,-0.0034172448920019127,0
2022-01-25 16:00:00,36530.0,36775.75,0.006727347385710375,1
2022-01-25 16:30:00,36779.75,36837.7,0.001575595266416903,1
2022-01-25 17:00:00,36837.7,37330.87,0.013387643636817867,1
2022-01-25 17:30:00,37330.87,37273.33,-0.0015413517016881972,0
2022-01-25 18:00:00,37273.32,37421.34,0.003971205140835235,1
2022-01-25 18:30:00,37421.33,37320.08,-0.002705676147801267,0
2022-01-25 19:00:00,37320.08,37164.7,-0.004163442307733656,0
2022-01-25 19:30:00,37164.71,37067.13,-0.0026256090791506714,0
2022-01-25 20:00:00,37067.13,36778.57,-0.007784794776396168,0
2022-01-25 20:30:00,36778.57,36859.79,0.0022083512219208405,1
2022-01-25 21:00:00,36859.8,36545.45,-0.008528261140863646,0
2022-01-25 21:30:00,36545.44,36556.04,0.0002900498666864743,1
2022-01-25 22:00:00,36556.04,36593.15,0.0010151537201513233,1
2022-01-25 22:30:00,36596.97,36791.16,0.005306176986783396,1
2022-01-25 23:00:00,36791.16,36927.12,0.0036954529294536817,1
2022-01-25 23:30:00,36929.28,36958.32,0.000786367890194471,1
2022-01-26 00:00:00,36958.32,36848.54,-0.002970373112197709,0
2022-01-26 00:30:00,36848.68,36638.5,-0.005703867818331628,0
2022-01-26 01:00:00,36638.55,36723.79,0.002326511283879901,1
2022-01-26 01:30:00,36723.79,36851.85,0.003487112849735762,1
2022-01-26 02:00:00,36851.85,36896.45,0.0012102513170980168,1
2022-01-26 02:30:00,36896.44,36812.89,-0.002264446109163998,0
2022-01-26 03:00:00,36812.9,37153.99,0.00926550203868743,1
2022-01-26 03:30:00,37153.98,37389.76,0.006346022687206023,1
2022-01-26 04:00:00,37389.77,37320.01,-0.0018657509794790064,0
2022-01-26 04:30:00,37320.01,37789.73,0.012586277442047876,1
2022-01-26 05:00:00,37789.73,37707.87,-0.0021661970064353617,0
2022-01-26 05:30:00,37707.88,37600.0,-0.002860940471858863,0
2022-01-26 06:00:00,37600.01,37467.4,-0.0035268607641327906,0
2022-01-26 06:30:00,37467.4,37288.56,-0.004773216182601509,0
2022-01-26 07:00:00,37288.56,37199.08,-0.0023996635965560465,0
2022-01-26 07:30:00,37199.08,37338.59,0.00375036156808165,1
2022-01-26 08:00:00,37338.6,37524.62,0.004981975756991534,1
2022-01-26 08:30:00,37524.62,37591.42,0.001780164595937164,1
2022-01-26 09:00:00,37591.42,37770.28,0.004758000628866922,1
2022-01-26 09:30:00,37770.28,37650.0,-0.003184514385384457,0
2022-01-26 10:00:00,37650.01,37716.11,0.0017556436239989986,1
2022-01-26 10:30:00,37716.11,37940.46,0.0059483865117584645,1
2022-01-26 11:00:00,37940.46,37843.85,-0.0025463581622363193,0
2022-01-26 11:30:00,37843.85,38072.77,0.006049067417823458,1
2022-01-26 12:00:00,38072.77,37819.91,-0.006641492069003472,0
2022-01-26 12:30:00,37819.9,37749.2,-0.0018693862225972137,0
2022-01-26 13:00:00,37749.68,37971.47,0.0058752815917909994,1
2022-01-26 13:30:00,37975.52,38193.48,0.005739486911568463,1
2022-01-26 14:00:00,38193.48,38401.58,0.005448573945081687,1
2022-01-26 14:30:00,38401.59,38223.52,-0.004637047580581943,0
2022-01-26 15:00:00,38223.51,37899.24,-0.008483522313884937,0
2022-01-26 15:30:00,37899.24,37985.0,0.00226284221002854,1
2022-01-26 16:00:00,37985.01,38127.59,0.0037535859540380394,1
2022-01-26 16:30:00,38127.59,38264.86,0.0036002800072074863,1
2022-01-26 17:00:00,38264.85,38228.98,-0.0009374138406395254,0
2022-01-26 17:30:00,38228.98,38040.9,-0.004919827837415534,0
2022-01-26 18:00:00,38040.9,37794.95,-0.006465409598616341,0
2022-01-26 18:30:00,37794.96,37961.15,0.004397147132845287,1
2022-01-26 19:00:00,37961.15,38223.01,0.006898105036333213,1
2022-01-26 19:30:00,38223.0,37579.9,-0.016824948329539766,0
2022-01-26 20:00:00,37576.67,37188.75,-0.010323426743242502,0
2022-01-26 20:30:00,37194.58,37015.05,-0.004826778525258218,0
2022-01-26 21:00:00,37015.05,36872.09,-0.003862212802630454,0
2022-01-26 21:30:00,36872.08,36323.08,-0.01488931462504963,0
2022-01-26 22:00:00,36327.35,36332.93,0.00015360327686995463,1
2022-01-26 22:30:00,36326.36,36509.4,0.005038765238245749,1
2022-01-26 23:00:00,36509.41,36811.58,0.00827649638819138,1
2022-01-26 23:30:00,36811.59,36809.34,-6.112205422259675e-05,0
2022-01-27 00:00:00,36807.24,37016.22,0.00567768732455906,1
2022-01-27 00:30:00,37016.21,37004.43,-0.000318238955311709,0
2022-01-27 01:00:00,37004.43,36658.32,-0.009353204467681318,0
2022-01-27 01:30:00,36658.33,35882.21,-0.02117172277078641,0
2022-01-27 02:00:00,35882.21,35850.18,-0.0008926429002003733,0
2022-01-27 02:30:00,35850.18,36008.69,0.0044214561823679,1
2022-01-27 03:00:00,36008.69,36195.15,0.005178194485831035,1
2022-01-27 03:30:00,36195.16,35745.7,-0.012417682364161572,0
2022-01-27 04:00:00,35745.7,35781.93,0.0010135484827546587,1
2022-01-27 04:30:00,35781.93,35930.8,0.004160479884679295,1
2022-01-27 05:00:00,35930.8,35993.32,0.001740011355160386,1
2022-01-27 05:30:00,35993.31,35973.39,-0.0005534361802234431,0
2022-01-27 06:00:00,35977.88,35926.6,-0.001425320224537934,0
2022-01-27 06:30:00,35926.6,36139.09,0.005914559128890515,1
2022-01-27 07:00:00,36139.09,36239.11,0.0027676402477207944,1
2022-01-27 07:30:00,36238.36,36173.87,-0.0017796059203561629,0
2022-01-27 08:00:00,36177.17,36134.52,-0.0011789202969718598,0
2022-01-27 08:30:00,36134.52,36450.0,0.00873070958186253,1
2022-01-27 09:00:00,36449.99,36545.09,0.002609054213732255,1
2022-01-27 09:30:00,36545.1,36525.85,-0.0005267464037586434,0
2022-01-27 10:00:00,36525.84,36545.03,0.000525381483355409,1
2022-01-27 10:30:00,36545.02,36318.22,-0.0062060439425124314,0
2022-01-27 11:00:00,36318.22,36591.63,0.0075281773170600376,1
2022-01-27 11:30:00,36591.63,36679.98,0.0024144865916059443,1
2022-01-27 12:00:00,36679.98,36620.71,-0.0016158678385321931,0
2022-01-27 12:30:00,36620.7,36668.23,0.0012978998216857164,1
2022-01-27 13:00:00,36668.23,36701.98,0.0009204153022930203,1
2022-01-27 13:30:00,36701.99,36830.89,0.003512071143826301,1
2022-01-27 14:00:00,36830.88,36896.2,0.0017735117922786454,1
2022-01-27 14:30:00,36896.2,36882.03,-0.0003840503900130164,0
2022-01-27 15:00:00,36882.02,36685.05,-0.005340542627545723,0
2022-01-27 15:30:00,36685.05,36639.43,-0.001243558343248888,0
2022-01-27 16:00:00,36639.43,36431.74,-0.005668483379790633,0
2022-01-27 16:30:00,36431.73,36528.86,0.0026660825604492944,1
2022-01-27 17:00:00,36528.85,36334.06,-0.00533249746433301,0
2022-01-27 17:30:00,36332.15,36282.03,-0.0013794944697740877,0
2022-01-27 18:00:00,36282.02,36040.04,-0.006669419177873667,0
2022-01-27 18:30:00,36040.04,36215.49,0.004868196594676285,1
2022-01-27 19:00:00,36215.49,36130.08,-0.002358383111756771,0
2022-01-27 19:30:00,36127.12,36209.2,0.002271977395374845,1
2022-01-27 20:00:00,36209.19,36043.11,-0.004586680895098778,0
2022-01-27 20:30:00,36043.11,35583.5,-0.012751674314452902,0
2022-01-27 21:00:00,35583.5,35680.01,0.002712212120786377,1
2022-01-27 21:30:00,35680.0,36187.01,0.014209921524663735,1
2022-01-27 22:00:00,36187.01,36113.98,-0.002018127499342964,0
2022-01-27 22:30:00,36113.98,36705.27,0.016372883852734967,1
2022-01-27 23:00:00,36704.68,36856.47,0.004135439949347082,1
2022-01-27 23:30:00,36856.47,37160.1,0.00823817365037936,1
2022-01-28 00:00:00,37160.11,37204.4,0.0011918694535619208,1
2022-01-28 00:30:00,37207.2,37157.27,-0.0013419445698682054,0
2022-01-28 01:00:00,37157.26,36950.86,-0.005554769108378859,0
2022-01-28 01:30:00,36950.85,36880.8,-0.0018957615318726264,0
2022-01-28 02:00:00,36880.79,36787.7,-0.0025240782532045484,0
2022-01-28 02:30:00,36787.71,36935.62,0.004020636239657306,1
2022-01-28 03:00:00,36936.33,37295.56,0.009725654931066403,1
2022-01-28 03:30:00,37295.53,37351.83,0.0015095642829047586,1
2022-01-28 04:00:00,37351.83,37241.41,-0.0029562139257968954,0
2022-01-28 04:30:00,37241.41,37223.18,-0.000489508855867788,0
2022-01-28 05:00:00,37223.19,37276.02,0.0014192765316458494,1
2022-01-28 05:30:00,37276.02,37205.6,-0.0018891501828789195,0
2022-01-28 06:00:00,37206.17,37346.57,0.0037735676636429243,1
2022-01-28 06:30:00,37346.58,36907.14,-0.01176653926544284,0
2022-01-28 07:00:00,36907.14,36923.63,0.0004467970154283958,1
2022-01-28 07:30:00,36923.62,36799.82,-0.0033528673515761157,0
2022-01-28 08:00:00,36799.82,36613.26,-0.005069590014298919,0
2022-01-28 08:30:00,36613.26,36658.47,0.0012347985402009851,1
2022-01-28 09:00:00,36658.46,36677.01,0.0005060223479110391,1
2022-01-28 09:30:00,36677.01,36486.09,-0.005205440683414638,0
2022-01-28 10:00:00,36486.1,36575.53,0.0024510704076346965,1
2022-01-28 10:30:00,36575.52,36615.35,0.0010889797328924305,1
2022-01-28 11:00:00,36615.35,36390.56,-0.006139228492968137,0
2022-01-28 11:30:00,36390.56,36448.28,0.0015861256325816685,1
2022-01-28 12:00:00,36447.67,36331.43,-0.0031892299288266705,0
2022-01-28 12:30:00,36331.43,36278.6,-0.0014541128714174406,0
2022-01-28 13:00:00,36278.6,36343.66,0.0017933437343228501,1
2022-01-28 13:30:00,36343.67,36910.46,0.015595287982749152,1
2022-01-28 14:00:00,36906.58,37054.8,0.004016086020433244,1
2022-01-28 14:30:00,37054.8,36759.65,-0.007965229875751628,0
2022-01-28 15:00:00,36759.65,36988.91,0.00623672967506497,1
2022-01-28 15:30:00,36985.43,37188.98,0.005503518547709271,1
2022-01-28 16:00:00,37188.99,37149.97,-0.0010492352709766198,0
2022-01-28 16:30:00,37149.97,37103.62,-0.0012476456912347048,0
2022-01-28 17:00:00,37103.63,36930.83,-0.004657226260611041,0
2022-01-28 17:30:00,36930.83,36843.6,-0.002361983199402862,0
2022-01-28 18:00:00,36843.59,36899.98,0.0015305240341673193,1
2022-01-28 18:30:00,36899.99,37050.57,0.004080759913485119,1
2022-01-28 19:00:00,37050.56,36870.0,-0.00487334064586332,0
2022-01-28 19:30:00,36870.0,37222.86,0.009570382424735574,1
2022-01-28 20:00:00,37222.85,37279.96,0.0015342726309243002,1
2022-01-28 20:30:00,37275.8,37758.01,0.01293627500952358,1
2022-01-28 21:00:00,37758.0,37863.73,0.0028002012818476403,1
2022-01-28 21:30:00,37863.74,37788.87,-0.0019773535313731645,0
2022-01-28 22:00:00,37788.87,37808.0,0.0005062337137892025,1
2022-01-28 22:30:00,37808.0,37655.01,-0.00404649809564108,0
2022-01-28 23:00:00,37655.01,37741.99,0.0023099183880178472,1
2022-01-28 23:30:00,37741.99,37716.56,-0.0006737853515408248,0
2022-01-29 00:00:00,37716.57,37887.15,0.004522680614912802,1
2022-01-29 00:30:00,37887.16,37788.27,-0.002610119101035989,0
2022-01-29 01:00:00,37788.27,37613.8,-0.004617041214112049,0
2022-01-29 01:30:00,37613.8,37535.77,-0.0020745045701313376,0
2022-01-29 02:00:00,37535.76,37561.08,0.0006745567426901628,1
2022-01-29 02:30:00,37561.09,37530.75,-0.0008077507867848486,0
2022-01-29 03:00:00,37530.74,37690.47,0.004255977899716425,1
2022-01-29 03:30:00,37690.47,37737.73,0.0012538978686124644,1
2022-01-29 04:00:00,37737.72,37870.22,0.003511075920855844,1
2022-01-29 04:30:00,37870.21,37814.46,-0.0014721333734352146,0
2022-01-29 05:00:00,37814.47,37715.48,-0.0026177809711467053,0
2022-01-29 05:30:00,37715.49,37653.72,-0.001637788611522661,0
2022-01-29 06:00:00,37653.71,37761.31,0.0028576201388919855,1
2022-01-29 06:30:00,37761.3,37739.78,-0.000569895633889831,0
2022-01-29 07:00:00,37739.78,37869.32,0.0034324524414291995,1
2022-01-29 07:30:00,37870.0,37836.99,-0.0008716662265646168,0
2022-01-29 08:00:00,37836.98,37859.77,0.00060232079832993,1
2022-01-29 08:30:00,37859.77,37785.82,-0.0019532606774947947,0
2022-01-29 09:00:00,37785.82,37663.1,-0.0032477791933588095,0
2022-01-29 09:30:00,37663.1,37703.24,0.001065764634350317,1
2022-01-29 10:00:00,37703.25,37698.3,-0.00013128841678096954,0
2022-01-29 10:30:00,37698.3,37756.19,0.0015356130117273037,1
2022-01-29 11:00:00,37756.2,37746.57,-0.0002550574475184839,0
2022-01-29 11:30:00,37746.58,37736.07,-0.00027843582120557777,0
2022-01-29 12:00:00,37736.06,37829.49,0.0024758811598243244,1
2022-01-29 12:30:00,37829.49,37847.57,0.00047793401391353006,1
2022-01-29 13:00:00,37847.57,37814.02,-0.0008864505700102519,0
2022-01-29 13:30:00,37814.02,38161.69,0.009194208920395281,1
2022-01-29 14:00:00,38161.69,38109.76,-0.0013607887910624579,0
2022-01-29 14:30:00,38113.58,37620.04,-0.012949190288605816,0
2022-01-29 15:00:00,37620.04,37631.0,0.00029133408683242035,1
2022-01-29 15:30:00,37631.01,37566.82,-0.0017057740411432572,0
2022-01-29 16:00:00,37567.98,37504.68,-0.0016849455307419484,0
2022-01-29 16:30:00,37506.31,37538.19,0.0008499903082975814,1
2022-01-29 17:00:00,37538.19,37635.11,0.0025819039223787363,1
2022-01-29 17:30:00,37635.11,37646.31,0.00029759445368957575,1
2022-01-29 18:00:00,37646.31,37637.28,-0.00023986414604774907,0
2022-01-29 18:30:00,37637.28,37806.23,0.0044889003668704104,1
2022-01-29 19:00:00,37806.24,37887.89,0.0021596963887443306,1
2022-01-29 19:30:00,37887.89,37853.0,-0.000920874717488871,0
2022-01-29 20:00:00,37853.0,38015.66,0.00429714949937927,1
2022-01-29 20:30:00,38015.65,38340.03,0.008532801622489617,1
2022-01-29 21:00:00,38340.03,38549.75,0.0054700009363581915,1
2022-01-29 21:30:00,38546.66,38358.32,-0.00488602644172034,0
2022-01-29 22:00:00,38358.32,38091.83,-0.006947384556987844,0
2022-01-29 22:30:00,38091.83,38140.0,0.0012645756320974406,1
2022-01-29 23:00:00,38140.0,37936.39,-0.00533848977451496,0
2022-01-29 23:30:00,37936.38,38166.84,0.006074907516215283,1
2022-01-30 00:00:00,38166.83,38071.65,-0.002493788454529765,0
2022-01-30 00:30:00,38073.22,37816.45,-0.006744110427224281,0
2022-01-30 01:00:00,37816.46,37953.81,0.0036320163230508236,1
2022-01-30 01:30:00,37953.81,37931.75,-0.000581232819577209,0
2022-01-30 02:00:00,37931.75,38014.5,0.0021815497571295813,1
2022-01-30 02:30:00,38014.49,37951.8,-0.0016491080111819217,0
2022-01-30 03:00:00,37951.79,38020.87,0.0018202040009180527,1
2022-01-30 03:30:00,38020.87,37917.13,-0.0027285014782672053,0
2022-01-30 04:00:00,37917.13,37968.92,0.0013658734192171422,1
2022-01-30 04:30:00,37968.93,38099.34,0.003434650383879562,1
2022-01-30 05:00:00,38100.02,38186.23,0.002262728471008845,1
2022-01-30 05:30:00,38186.23,38139.39,-0.0012266201717216856,0
2022-01-30 06:00:00,38139.38,38127.61,-0.0003086049117735212,0
2022-01-30 06:30:00,38127.84,38098.51,-0.0007692541722792184,0
2022-01-30 07:00:00,38098.51,38160.29,0.0016215857260559227,1
2022-01-30 07:30:00,38160.28,38244.98,0.0022195853908829905,1
2022-01-30 08:00:00,38244.98,38115.14,-0.003394955364076639,0
2022-01-30 08:30:00,38115.13,38000.0,-0.0030205852636472023,0
2022-01-30 09:00:00,37999.99,37869.47,-0.0034347377459835334,0
2022-01-30 09:30:00,37869.48,37889.48,0.0005281297762736642,1
2022-01-30 10:00:00,37889.49,38066.8,0.0046796618270661585,1
2022-01-30 10:30:00,38066.8,38184.74,0.0030982378345433565,1
2022-01-30 11:00:00,38184.74,38065.48,-0.0031232371884683456,0
2022-01-30 11:30:00,38065.48,38110.02,0.0011700890150339255,1
2022-01-30 12:00:00,38110.03,38025.11,-0.0022282847848715485,0
2022-01-30 12:30:00,38025.11,37938.47,-0.002278494394887994,0
2022-01-30 13:00:00,37937.21,37970.49,0.0008772389956983878,1
2022-01-30 13:30:00,37970.49,37963.22,-0.00019146447675541715,0
2022-01-30 14:00:00,37963.21,37793.24,-0.00447722940183407,0
2022-01-30 14:30:00,37793.24,37838.99,0.0012105339473408472,1
2022-01-30 15:00:00,37839.0,37983.77,0.0038259467744918415,1
2022-01-30 15:30:00,37983.78,37980.09,-9.714672947248347e-05,0
2022-01-30 16:00:00,37977.47,37914.47,-0.0016588782770416248,0
2022-01-30 16:30:00,37914.47,37832.44,-0.0021635539149036987,0
2022-01-30 17:00:00,37832.45,37950.0,0.003107121003265792,1
2022-01-30 17:30:00,37950.0,37991.0,0.001080368906455863,1
2022-01-30 18:00:00,37991.0,37930.83,-0.0015837961622489078,0
2022-01-30 18:30:00,37930.84,37820.95,-0.002897114854297965,0
2022-01-30 19:00:00,37820.96,37530.99,-0.007666912738333484,0
2022-01-30 19:30:00,37530.99,37512.37,-0.0004961233370075062,0
2022-01-30 20:00:00,37512.37,37656.74,0.0038485971427557187,1
2022-01-30 20:30:00,37656.73,37684.45,0.0007361233968003564,1
2022-01-30 21:00:00,37684.45,37524.36,-0.004248171327961441,0
2022-01-30 21:30:00,37524.36,37729.0,0.0054535240574389385,1
2022-01-30 22:00:00,37729.0,37684.68,-0.0011746932068170295,0
2022-01-30 22:30:00,37684.69,37785.78,0.0026825217349538103,1
2022-01-30 23:00:00,37785.78,38060.25,0.007263843699931593,1
2022-01-30 23:30:00,38060.24,37881.76,-0.00468940815927582,0
2022-01-31 00:00:00,37881.75,37676.0,-0.005431375266454163,0
2022-01-31 00:30:00,37676.0,36829.3,-0.022473192483278403,0
2022-01-31 01:00:00,36829.3,36888.6,0.0016101310641254553,1
2022-01-31 01:30:00,36888.6,36821.05,-0.0018311890394321182,0
2022-01-31 02:00:00,36823.19,36880.01,0.0015430493664454303,1
2022-01-31 02:30:00,36880.02,36993.58,0.003079174035155213,1
2022-01-31 03:00:00,36994.69,37003.05,0.0002259783768968082,1
2022-01-31 03:30:00,37003.05,37025.68,0.0006115712083192434,1
2022-01-31 04:00:00,37025.68,36866.85,-0.004289725401397131,0
2022-01-31 04:30:00,36866.84,36912.84,0.001247733735790754,1
2022-01-31 05:00:00,36912.84,36911.85,-2.6819935827152904e-05,0
2022-01-31 05:30:00,36911.85,37001.65,0.002432823063596187,1
2022-01-31 06:00:00,37001.66,37063.03,0.001658574236939514,1
2022-01-31 06:30:00,37059.33,36916.78,-0.003846534732279372,0
2022-01-31 07:00:00,36916.79,37026.17,0.0029628794919600914,1
2022-01-31 07:30:00,37026.16,37121.83,0.002583848824722797,1
2022-01-31 08:00:00,37121.84,37176.65,0.0014764893119523427,1
2022-01-31 08:30:00,37176.64,37145.63,-0.0008341259457552387,0
2022-01-31 09:00:00,37144.71,37144.25,-1.2383997613633998e-05,0
2022-01-31 09:30:00,37144.26,37212.53,0.0018379690428614486,1
2022-01-31 10:00:00,37212.53,37199.99,-0.00033698326880759983,0
2022-01-31 10:30:00,37200.0,37300.31,0.0026965053763440233,1
2022-01-31 11:00:00,37300.31,37160.14,-0.003757877615494302,0
2022-01-31 11:30:00,37160.15,37265.16,0.00282587664473911,1
2022-01-31 12:00:00,37265.15,36987.31,-0.007455759603812242,0
2022-01-31 12:30:00,36987.32,37081.15,0.0025368153194122132,1
2022-01-31 13:00:00,37084.17,37135.54,0.001385227173751027,1
2022-01-31 13:30:00,37135.55,37251.08,0.00311103511325398,1
2022-01-31 14:00:00,37251.07,37352.41,0.0027204587680301207,1
2022-01-31 14:30:00,37354.2,37510.84,0.004193370491136189,1
2022-01-31 15:00:00,37510.85,37716.0,0.00546908427828219,1
2022-01-31 15:30:00,37716.0,37722.91,0.0001832113691802814,1
2022-01-31 16:00:00,37722.91,37827.51,0.0027728507689358676,1
2022-01-31 16:30:00,37827.5,38341.99,0.013600951688586292,1
2022-01-31 17:00:00,38341.99,38347.0,0.00013066614434988996,1
2022-01-31 17:30:00,38347.0,38473.03,0.003286567397710351,1
2022-01-31 18:00:00,38473.03,38370.01,-0.002677719950833007,0
2022-01-31 18:30:00,38370.01,38468.29,0.002561375407512243,1
2022-01-31 19:00:00,38468.29,38563.06,0.0024635875418428216,1
2022-01-31 19:30:00,38563.07,38415.79,-0.0038191980047231414,0
2022-01-31 20:00:00,38415.79,38379.27,-0.0009506507610543496,0
2022-01-31 20:30:00,38379.28,38450.62,0.0018588154858560084,1
2022-01-31 21:00:00,38450.62,38393.87,-0.001475918983881144,0
2022-01-31 21:30:00,38393.88,38410.09,0.00042220270522278885,1
2022-01-31 22:00:00,38410.09,38547.3,0.003572238440472449,1
2022-01-31 22:30:00,38547.3,38412.46,-0.0034980400702514514,0
2022-01-31 23:00:00,38412.45,38412.23,-5.727309765294539e-06,0
2022-01-31 23:30:00,38412.23,38466.9,0.001423244628078043,1
2022-02-01 00:00:00,38466.9,38439.57,-0.0007104809589543672,0
2022-02-01 00:30:00,38437.5,38342.36,-0.0024751869918699034,0
2022-02-01 01:00:00,38342.37,38305.21,-0.0009691628347440049,0
2022-02-01 01:30:00,38305.21,38238.19,-0.0017496314470015124,0
2022-02-01 02:00:00,38238.18,38365.57,0.003331487011149574,1
2022-02-01 02:30:00,38367.74,38480.9,0.0029493527635457155,1
2022-02-01 03:00:00,38480.9,38510.58,0.0007712917317422485,1
2022-02-01 03:30:00,38508.13,38596.82,0.0023031500101407766,1
2022-02-01 04:00:00,38596.82,38540.71,-0.001453746707630333,0
2022-02-01 04:30:00,38540.72,38556.82,0.000417739990327076,1
2022-02-01 05:00:00,38556.83,38496.37,-0.0015680749688187312,0
2022-02-01 05:30:00,38496.37,38452.9,-0.0011291973762721306,0
2022-02-01 06:00:00,38452.89,38280.01,-0.0044958909460380584,0
2022-02-01 06:30:00,38280.0,38285.02,0.00013113897596647855,1
2022-02-01 07:00:00,38285.01,38413.18,0.0033477854648594385,1
2022-02-01 07:30:00,38413.18,38440.77,0.0007182430613658256,1
2022-02-01 08:00:00,38440.76,38569.99,0.0033617961767664303,1
2022-02-01 08:30:00,38569.99,38597.53,0.000714026630548799,1
2022-02-01 09:00:00,38597.54,38476.52,-0.003135432983552943,0
2022-02-01 09:30:00,38476.53,38256.12,-0.005728427173656154,0
2022-02-01 10:00:00,38256.12,38152.04,-0.0027206104539613985,0
2022-02-01 10:30:00,38152.04,38253.57,0.002661194525902123,1
2022-02-01 11:00:00,38255.46,38388.08,0.0034666946888105023,1
2022-02-01 11:30:00,38386.72,38425.06,0.000998782912423789,1
2022-02-01 12:00:00,38425.05,38584.66,0.004153800710734288,1
2022-02-01 12:30:00,38584.65,38650.0,0.0016936787038368507,1
2022-02-01 13:00:00,38650.01,38648.6,-3.648123247583875e-05,0
2022-02-01 13:30:00,38648.59,38872.21,0.005785980808096819,1
2022-02-01 14:00:00,38872.2,38903.71,0.0008106050082064314,1
2022-02-01 14:30:00,38903.72,38509.46,-0.010134249372553628,0
2022-02-01 15:00:00,38509.46,38413.44,-0.002493413306756231,0
2022-02-01 15:30:00,38413.43,38630.33,0.005646462708485065,1
2022-02-01 16:00:00,38630.32,38883.81,0.006561944089513055,1
2022-02-01 16:30:00,38883.81,39110.89,0.005839962699128552,1
2022-02-01 17:00:00,39110.89,38809.03,-0.0077180549969586626,0
2022-02-01 17:30:00,38809.03,38867.24,0.001499908655279432,1
2022-02-01 18:00:00,38868.01,38841.99,-0.0006694451298125136,0
2022-02-01 18:30:00,38841.99,38533.15,-0.007951188906644499,0
2022-02-01 19:00:00,38533.14,38459.01,-0.0019237985796121827,0
2022-02-01 19:30:00,38459.01,38378.09,-0.0021040583207941528,0
2022-02-01 20:00:00,38378.1,38540.71,0.004237051860305763,1
2022-02-01 20:30:00,38540.72,38512.08,-0.0007431101442837451,0
2022-02-01 21:00:00,38512.86,38767.56,0.006613375376432628,1
2022-02-01 21:30:00,38767.56,38785.53,0.0004635318807787017,1
2022-02-01 22:00:00,38785.52,38731.0,-0.0014056792328682663,0
2022-02-01 22:30:00,38731.01,38697.55,-0.0008639072412518838,0
2022-02-01 23:00:00,38697.56,38780.05,0.002131658946972503,1
2022-02-01 23:30:00,38780.06,38694.59,-0.002203967709178407,0
